paid,conflict_id,dyad_name,conflict_name,peace_date,dyadep_id,dyadepisode,type_of_conflict2,dyadcount,dyadterm,end_date,ependprec,outcome,cfiredate,peagdate,recur,version,dyad_id,year,location,side_a,side_a_id,side_a_2nd,side_b,side_b_id,side_b_2nd,incompatibility,territory_name,intensity_level,type_of_conflict,start_date,start_prec,start_date2,start_prec2,gwno_loc,region,duration_after_peace,possible_resume
1113,300,"Government of Cambodia (Kampuchea) - FUNCINPEC, Government of Cambodia (Kampuchea) - KPNLF, Government of Cambodia (Kampuchea) - KR",Cambodia (Kampuchea): Government,1975-01-01,64401.0,1,3,1,1.0,1975-04-17,1.0,4.0,,,0,3,644,1975,Cambodia (Kampuchea),Government of Cambodia (Kampuchea),148,,KR,270,Government of Vietnam (North Vietnam),2,,2,4,1967-04-30,3,1967-05-31,3,811,3,106,True
1113,300,"Government of Cambodia (Kampuchea) - FUNCINPEC, Government of Cambodia (Kampuchea) - KPNLF, Government of Cambodia (Kampuchea) - KR",Cambodia (Kampuchea): Government,1975-01-01,64402.0,2,3,2,1.0,1998-10-24,1.0,3.0,,,0,3,644,1998,Cambodia (Kampuchea),Government of Cambodia (Kampuchea),148,,KR,270,,2,,1,3,1967-04-30,3,1979-12-31,5,811,3,8697,False
1571,300,Government of Cambodia (Kampuchea) - FUNCINPEC,Cambodia (Kampuchea): Government,1975-01-01,64401.0,1,3,1,1.0,1975-04-17,1.0,4.0,,,0,3,644,1975,Cambodia (Kampuchea),Government of Cambodia (Kampuchea),148,,KR,270,Government of Vietnam (North Vietnam),2,,2,4,1967-04-30,3,1967-05-31,3,811,3,106,True
1571,300,Government of Cambodia (Kampuchea) - FUNCINPEC,Cambodia (Kampuchea): Government,1975-01-01,64402.0,2,3,2,1.0,1998-10-24,1.0,3.0,,,0,3,644,1998,Cambodia (Kampuchea),Government of Cambodia (Kampuchea),148,,KR,270,,2,,1,3,1967-04-30,3,1979-12-31,5,811,3,8697,False
1501,289,"Government of Colombia - EPL, Government of Colombia - M-19",Colombia: Government,1975-01-01,62303.0,3,3,2,1.0,2015-12-31,4.0,1.0,2016-06-23 00:00:00,2016-11-24 00:00:00,0,3,623,2015,Colombia,Government of Colombia,17,,FARC,743,,2,,1,3,1964-12-31,5,1974-12-31,5,100,5,14974,False
1501,289,"Government of Colombia - EPL, Government of Colombia - M-19",Colombia: Government,1975-01-01,62404.0,4,3,2,1.0,2006-12-31,5.0,5.0,,,0,3,624,2006,Colombia,Government of Colombia,17,,ELN,744,,2,,1,3,1965-01-07,1,1984-12-31,5,100,5,11687,False
1501,289,"Government of Colombia - EPL, Government of Colombia - M-19",Colombia: Government,1975-01-01,62405.0,5,3,2,1.0,2008-12-31,5.0,5.0,,,1,3,624,2008,Colombia,Government of Colombia,17,,ELN,744,,2,,1,3,1965-01-07,1,2008-12-05,1,100,5,12418,False
1501,289,"Government of Colombia - EPL, Government of Colombia - M-19",Colombia: Government,1975-01-01,62406.0,6,3,2,1.0,2010-12-31,5.0,5.0,,,1,3,624,2010,Colombia,Government of Colombia,17,,ELN,744,,2,,1,3,1965-01-07,1,2010-09-03,1,100,5,13148,False
1501,289,"Government of Colombia - EPL, Government of Colombia - M-19",Colombia: Government,1975-01-01,62407.0,7,3,2,1.0,2013-12-31,5.0,5.0,,,1,3,624,2013,Colombia,Government of Colombia,17,,ELN,744,,2,,1,3,1965-01-07,1,2013-12-31,1,100,5,14244,False
1501,289,"Government of Colombia - EPL, Government of Colombia - M-19",Colombia: Government,1975-01-01,62408.0,8,3,1,1.0,2016-12-31,5.0,2.0,2017-09-04 00:00:00,,0,3,624,2016,Colombia,Government of Colombia,17,,ELN,744,,2,,1,3,1965-01-07,1,2015-09-17,1,100,5,15340,False
1501,289,"Government of Colombia - EPL, Government of Colombia - M-19",Colombia: Government,1975-01-01,62409.0,9,3,2,1.0,2019-12-31,5.0,5.0,,,0,3,624,2019,Colombia,Government of Colombia,17,,ELN,744,,2,,1,3,1965-01-07,1,2018-02-27,1,100,5,16435,False
1501,289,"Government of Colombia - EPL, Government of Colombia - M-19",Colombia: Government,1975-01-01,62601.0,1,3,4,1.0,1984-08-24,1.0,2.0,1984-08-24 00:00:00,,0,3,626,1984,Colombia,Government of Colombia,17,,EPL,746,,2,,1,3,1968-01-06,1,1984-12-31,5,100,5,3523,False
1501,289,"Government of Colombia - EPL, Government of Colombia - M-19",Colombia: Government,1975-01-01,62602.0,2,3,3,1.0,1990-12-31,5.0,1.0,,1991-02-15 00:00:00,0,3,626,1990,Colombia,Government of Colombia,17,,EPL,746,,2,,1,3,1968-01-06,1,1987-12-31,5,100,5,5843,False
1502,289,Government of Colombia - M-19,Colombia: Government,1975-01-01,62303.0,3,3,2,1.0,2015-12-31,4.0,1.0,2016-06-23 00:00:00,2016-11-24 00:00:00,0,3,623,2015,Colombia,Government of Colombia,17,,FARC,743,,2,,1,3,1964-12-31,5,1974-12-31,5,100,5,14974,False
1502,289,Government of Colombia - M-19,Colombia: Government,1975-01-01,62404.0,4,3,2,1.0,2006-12-31,5.0,5.0,,,0,3,624,2006,Colombia,Government of Colombia,17,,ELN,744,,2,,1,3,1965-01-07,1,1984-12-31,5,100,5,11687,False
1502,289,Government of Colombia - M-19,Colombia: Government,1975-01-01,62405.0,5,3,2,1.0,2008-12-31,5.0,5.0,,,1,3,624,2008,Colombia,Government of Colombia,17,,ELN,744,,2,,1,3,1965-01-07,1,2008-12-05,1,100,5,12418,False
1502,289,Government of Colombia - M-19,Colombia: Government,1975-01-01,62406.0,6,3,2,1.0,2010-12-31,5.0,5.0,,,1,3,624,2010,Colombia,Government of Colombia,17,,ELN,744,,2,,1,3,1965-01-07,1,2010-09-03,1,100,5,13148,False
1502,289,Government of Colombia - M-19,Colombia: Government,1975-01-01,62407.0,7,3,2,1.0,2013-12-31,5.0,5.0,,,1,3,624,2013,Colombia,Government of Colombia,17,,ELN,744,,2,,1,3,1965-01-07,1,2013-12-31,1,100,5,14244,False
1502,289,Government of Colombia - M-19,Colombia: Government,1975-01-01,62408.0,8,3,1,1.0,2016-12-31,5.0,2.0,2017-09-04 00:00:00,,0,3,624,2016,Colombia,Government of Colombia,17,,ELN,744,,2,,1,3,1965-01-07,1,2015-09-17,1,100,5,15340,False
1502,289,Government of Colombia - M-19,Colombia: Government,1975-01-01,62409.0,9,3,2,1.0,2019-12-31,5.0,5.0,,,0,3,624,2019,Colombia,Government of Colombia,17,,ELN,744,,2,,1,3,1965-01-07,1,2018-02-27,1,100,5,16435,False
1502,289,Government of Colombia - M-19,Colombia: Government,1975-01-01,62601.0,1,3,4,1.0,1984-08-24,1.0,2.0,1984-08-24 00:00:00,,0,3,626,1984,Colombia,Government of Colombia,17,,EPL,746,,2,,1,3,1968-01-06,1,1984-12-31,5,100,5,3523,False
1502,289,Government of Colombia - M-19,Colombia: Government,1975-01-01,62602.0,2,3,3,1.0,1990-12-31,5.0,1.0,,1991-02-15 00:00:00,0,3,626,1990,Colombia,Government of Colombia,17,,EPL,746,,2,,1,3,1968-01-06,1,1987-12-31,5,100,5,5843,False
1572,289,Government of Colombia - EPL,Colombia: Government,1975-01-01,62303.0,3,3,2,1.0,2015-12-31,4.0,1.0,2016-06-23 00:00:00,2016-11-24 00:00:00,0,3,623,2015,Colombia,Government of Colombia,17,,FARC,743,,2,,1,3,1964-12-31,5,1974-12-31,5,100,5,14974,False
1572,289,Government of Colombia - EPL,Colombia: Government,1975-01-01,62404.0,4,3,2,1.0,2006-12-31,5.0,5.0,,,0,3,624,2006,Colombia,Government of Colombia,17,,ELN,744,,2,,1,3,1965-01-07,1,1984-12-31,5,100,5,11687,False
1572,289,Government of Colombia - EPL,Colombia: Government,1975-01-01,62405.0,5,3,2,1.0,2008-12-31,5.0,5.0,,,1,3,624,2008,Colombia,Government of Colombia,17,,ELN,744,,2,,1,3,1965-01-07,1,2008-12-05,1,100,5,12418,False
1572,289,Government of Colombia - EPL,Colombia: Government,1975-01-01,62406.0,6,3,2,1.0,2010-12-31,5.0,5.0,,,1,3,624,2010,Colombia,Government of Colombia,17,,ELN,744,,2,,1,3,1965-01-07,1,2010-09-03,1,100,5,13148,False
1572,289,Government of Colombia - EPL,Colombia: Government,1975-01-01,62407.0,7,3,2,1.0,2013-12-31,5.0,5.0,,,1,3,624,2013,Colombia,Government of Colombia,17,,ELN,744,,2,,1,3,1965-01-07,1,2013-12-31,1,100,5,14244,False
1572,289,Government of Colombia - EPL,Colombia: Government,1975-01-01,62408.0,8,3,1,1.0,2016-12-31,5.0,2.0,2017-09-04 00:00:00,,0,3,624,2016,Colombia,Government of Colombia,17,,ELN,744,,2,,1,3,1965-01-07,1,2015-09-17,1,100,5,15340,False
1572,289,Government of Colombia - EPL,Colombia: Government,1975-01-01,62409.0,9,3,2,1.0,2019-12-31,5.0,5.0,,,0,3,624,2019,Colombia,Government of Colombia,17,,ELN,744,,2,,1,3,1965-01-07,1,2018-02-27,1,100,5,16435,False
1572,289,Government of Colombia - EPL,Colombia: Government,1975-01-01,62601.0,1,3,4,1.0,1984-08-24,1.0,2.0,1984-08-24 00:00:00,,0,3,626,1984,Colombia,Government of Colombia,17,,EPL,746,,2,,1,3,1968-01-06,1,1984-12-31,5,100,5,3523,False
1572,289,Government of Colombia - EPL,Colombia: Government,1975-01-01,62602.0,2,3,3,1.0,1990-12-31,5.0,1.0,,1991-02-15 00:00:00,0,3,626,1990,Colombia,Government of Colombia,17,,EPL,746,,2,,1,3,1968-01-06,1,1987-12-31,5,100,5,5843,False
1573,289,Government of Colombia - EPL,Colombia: Government,1975-01-01,62303.0,3,3,2,1.0,2015-12-31,4.0,1.0,2016-06-23 00:00:00,2016-11-24 00:00:00,0,3,623,2015,Colombia,Government of Colombia,17,,FARC,743,,2,,1,3,1964-12-31,5,1974-12-31,5,100,5,14974,False
1573,289,Government of Colombia - EPL,Colombia: Government,1975-01-01,62404.0,4,3,2,1.0,2006-12-31,5.0,5.0,,,0,3,624,2006,Colombia,Government of Colombia,17,,ELN,744,,2,,1,3,1965-01-07,1,1984-12-31,5,100,5,11687,False
1573,289,Government of Colombia - EPL,Colombia: Government,1975-01-01,62405.0,5,3,2,1.0,2008-12-31,5.0,5.0,,,1,3,624,2008,Colombia,Government of Colombia,17,,ELN,744,,2,,1,3,1965-01-07,1,2008-12-05,1,100,5,12418,False
1573,289,Government of Colombia - EPL,Colombia: Government,1975-01-01,62406.0,6,3,2,1.0,2010-12-31,5.0,5.0,,,1,3,624,2010,Colombia,Government of Colombia,17,,ELN,744,,2,,1,3,1965-01-07,1,2010-09-03,1,100,5,13148,False
1573,289,Government of Colombia - EPL,Colombia: Government,1975-01-01,62407.0,7,3,2,1.0,2013-12-31,5.0,5.0,,,1,3,624,2013,Colombia,Government of Colombia,17,,ELN,744,,2,,1,3,1965-01-07,1,2013-12-31,1,100,5,14244,False
1573,289,Government of Colombia - EPL,Colombia: Government,1975-01-01,62408.0,8,3,1,1.0,2016-12-31,5.0,2.0,2017-09-04 00:00:00,,0,3,624,2016,Colombia,Government of Colombia,17,,ELN,744,,2,,1,3,1965-01-07,1,2015-09-17,1,100,5,15340,False
1573,289,Government of Colombia - EPL,Colombia: Government,1975-01-01,62409.0,9,3,2,1.0,2019-12-31,5.0,5.0,,,0,3,624,2019,Colombia,Government of Colombia,17,,ELN,744,,2,,1,3,1965-01-07,1,2018-02-27,1,100,5,16435,False
1573,289,Government of Colombia - EPL,Colombia: Government,1975-01-01,62601.0,1,3,4,1.0,1984-08-24,1.0,2.0,1984-08-24 00:00:00,,0,3,626,1984,Colombia,Government of Colombia,17,,EPL,746,,2,,1,3,1968-01-06,1,1984-12-31,5,100,5,3523,False
1573,289,Government of Colombia - EPL,Colombia: Government,1975-01-01,62602.0,2,3,3,1.0,1990-12-31,5.0,1.0,,1991-02-15 00:00:00,0,3,626,1990,Colombia,Government of Colombia,17,,EPL,746,,2,,1,3,1968-01-06,1,1987-12-31,5,100,5,5843,False
1574,289,Government of Colombia - EPL,Colombia: Government,1975-01-01,62303.0,3,3,2,1.0,2015-12-31,4.0,1.0,2016-06-23 00:00:00,2016-11-24 00:00:00,0,3,623,2015,Colombia,Government of Colombia,17,,FARC,743,,2,,1,3,1964-12-31,5,1974-12-31,5,100,5,14974,False
1574,289,Government of Colombia - EPL,Colombia: Government,1975-01-01,62404.0,4,3,2,1.0,2006-12-31,5.0,5.0,,,0,3,624,2006,Colombia,Government of Colombia,17,,ELN,744,,2,,1,3,1965-01-07,1,1984-12-31,5,100,5,11687,False
1574,289,Government of Colombia - EPL,Colombia: Government,1975-01-01,62405.0,5,3,2,1.0,2008-12-31,5.0,5.0,,,1,3,624,2008,Colombia,Government of Colombia,17,,ELN,744,,2,,1,3,1965-01-07,1,2008-12-05,1,100,5,12418,False
1574,289,Government of Colombia - EPL,Colombia: Government,1975-01-01,62406.0,6,3,2,1.0,2010-12-31,5.0,5.0,,,1,3,624,2010,Colombia,Government of Colombia,17,,ELN,744,,2,,1,3,1965-01-07,1,2010-09-03,1,100,5,13148,False
1574,289,Government of Colombia - EPL,Colombia: Government,1975-01-01,62407.0,7,3,2,1.0,2013-12-31,5.0,5.0,,,1,3,624,2013,Colombia,Government of Colombia,17,,ELN,744,,2,,1,3,1965-01-07,1,2013-12-31,1,100,5,14244,False
1574,289,Government of Colombia - EPL,Colombia: Government,1975-01-01,62408.0,8,3,1,1.0,2016-12-31,5.0,2.0,2017-09-04 00:00:00,,0,3,624,2016,Colombia,Government of Colombia,17,,ELN,744,,2,,1,3,1965-01-07,1,2015-09-17,1,100,5,15340,False
1574,289,Government of Colombia - EPL,Colombia: Government,1975-01-01,62409.0,9,3,2,1.0,2019-12-31,5.0,5.0,,,0,3,624,2019,Colombia,Government of Colombia,17,,ELN,744,,2,,1,3,1965-01-07,1,2018-02-27,1,100,5,16435,False
1574,289,Government of Colombia - EPL,Colombia: Government,1975-01-01,62601.0,1,3,4,1.0,1984-08-24,1.0,2.0,1984-08-24 00:00:00,,0,3,626,1984,Colombia,Government of Colombia,17,,EPL,746,,2,,1,3,1968-01-06,1,1984-12-31,5,100,5,3523,False
1574,289,Government of Colombia - EPL,Colombia: Government,1975-01-01,62602.0,2,3,3,1.0,1990-12-31,5.0,1.0,,1991-02-15 00:00:00,0,3,626,1990,Colombia,Government of Colombia,17,,EPL,746,,2,,1,3,1968-01-06,1,1987-12-31,5,100,5,5843,False
1575,289,Government of Colombia - EPL,Colombia: Government,1975-01-01,62303.0,3,3,2,1.0,2015-12-31,4.0,1.0,2016-06-23 00:00:00,2016-11-24 00:00:00,0,3,623,2015,Colombia,Government of Colombia,17,,FARC,743,,2,,1,3,1964-12-31,5,1974-12-31,5,100,5,14974,False
1575,289,Government of Colombia - EPL,Colombia: Government,1975-01-01,62404.0,4,3,2,1.0,2006-12-31,5.0,5.0,,,0,3,624,2006,Colombia,Government of Colombia,17,,ELN,744,,2,,1,3,1965-01-07,1,1984-12-31,5,100,5,11687,False
1575,289,Government of Colombia - EPL,Colombia: Government,1975-01-01,62405.0,5,3,2,1.0,2008-12-31,5.0,5.0,,,1,3,624,2008,Colombia,Government of Colombia,17,,ELN,744,,2,,1,3,1965-01-07,1,2008-12-05,1,100,5,12418,False
1575,289,Government of Colombia - EPL,Colombia: Government,1975-01-01,62406.0,6,3,2,1.0,2010-12-31,5.0,5.0,,,1,3,624,2010,Colombia,Government of Colombia,17,,ELN,744,,2,,1,3,1965-01-07,1,2010-09-03,1,100,5,13148,False
1575,289,Government of Colombia - EPL,Colombia: Government,1975-01-01,62407.0,7,3,2,1.0,2013-12-31,5.0,5.0,,,1,3,624,2013,Colombia,Government of Colombia,17,,ELN,744,,2,,1,3,1965-01-07,1,2013-12-31,1,100,5,14244,False
1575,289,Government of Colombia - EPL,Colombia: Government,1975-01-01,62408.0,8,3,1,1.0,2016-12-31,5.0,2.0,2017-09-04 00:00:00,,0,3,624,2016,Colombia,Government of Colombia,17,,ELN,744,,2,,1,3,1965-01-07,1,2015-09-17,1,100,5,15340,False
1575,289,Government of Colombia - EPL,Colombia: Government,1975-01-01,62409.0,9,3,2,1.0,2019-12-31,5.0,5.0,,,0,3,624,2019,Colombia,Government of Colombia,17,,ELN,744,,2,,1,3,1965-01-07,1,2018-02-27,1,100,5,16435,False
1575,289,Government of Colombia - EPL,Colombia: Government,1975-01-01,62601.0,1,3,4,1.0,1984-08-24,1.0,2.0,1984-08-24 00:00:00,,0,3,626,1984,Colombia,Government of Colombia,17,,EPL,746,,2,,1,3,1968-01-06,1,1984-12-31,5,100,5,3523,False
1575,289,Government of Colombia - EPL,Colombia: Government,1975-01-01,62602.0,2,3,3,1.0,1990-12-31,5.0,1.0,,1991-02-15 00:00:00,0,3,626,1990,Colombia,Government of Colombia,17,,EPL,746,,2,,1,3,1968-01-06,1,1987-12-31,5,100,5,5843,False
1079,289,Government of Colombia - EPL,Colombia: Government,1975-01-01,62303.0,3,3,2,1.0,2015-12-31,4.0,1.0,2016-06-23 00:00:00,2016-11-24 00:00:00,0,3,623,2015,Colombia,Government of Colombia,17,,FARC,743,,2,,1,3,1964-12-31,5,1974-12-31,5,100,5,14974,False
1079,289,Government of Colombia - EPL,Colombia: Government,1975-01-01,62404.0,4,3,2,1.0,2006-12-31,5.0,5.0,,,0,3,624,2006,Colombia,Government of Colombia,17,,ELN,744,,2,,1,3,1965-01-07,1,1984-12-31,5,100,5,11687,False
1079,289,Government of Colombia - EPL,Colombia: Government,1975-01-01,62405.0,5,3,2,1.0,2008-12-31,5.0,5.0,,,1,3,624,2008,Colombia,Government of Colombia,17,,ELN,744,,2,,1,3,1965-01-07,1,2008-12-05,1,100,5,12418,False
1079,289,Government of Colombia - EPL,Colombia: Government,1975-01-01,62406.0,6,3,2,1.0,2010-12-31,5.0,5.0,,,1,3,624,2010,Colombia,Government of Colombia,17,,ELN,744,,2,,1,3,1965-01-07,1,2010-09-03,1,100,5,13148,False
1079,289,Government of Colombia - EPL,Colombia: Government,1975-01-01,62407.0,7,3,2,1.0,2013-12-31,5.0,5.0,,,1,3,624,2013,Colombia,Government of Colombia,17,,ELN,744,,2,,1,3,1965-01-07,1,2013-12-31,1,100,5,14244,False
1079,289,Government of Colombia - EPL,Colombia: Government,1975-01-01,62408.0,8,3,1,1.0,2016-12-31,5.0,2.0,2017-09-04 00:00:00,,0,3,624,2016,Colombia,Government of Colombia,17,,ELN,744,,2,,1,3,1965-01-07,1,2015-09-17,1,100,5,15340,False
1079,289,Government of Colombia - EPL,Colombia: Government,1975-01-01,62409.0,9,3,2,1.0,2019-12-31,5.0,5.0,,,0,3,624,2019,Colombia,Government of Colombia,17,,ELN,744,,2,,1,3,1965-01-07,1,2018-02-27,1,100,5,16435,False
1079,289,Government of Colombia - EPL,Colombia: Government,1975-01-01,62601.0,1,3,4,1.0,1984-08-24,1.0,2.0,1984-08-24 00:00:00,,0,3,626,1984,Colombia,Government of Colombia,17,,EPL,746,,2,,1,3,1968-01-06,1,1984-12-31,5,100,5,3523,False
1079,289,Government of Colombia - EPL,Colombia: Government,1975-01-01,62602.0,2,3,3,1.0,1990-12-31,5.0,1.0,,1991-02-15 00:00:00,0,3,626,1990,Colombia,Government of Colombia,17,,EPL,746,,2,,1,3,1968-01-06,1,1987-12-31,5,100,5,5843,False
1503,289,"Government of Colombia - FARC, Government of Colombia - ELN, Government of Colombia - EPL",Colombia: Government,1975-01-01,62303.0,3,3,2,1.0,2015-12-31,4.0,1.0,2016-06-23 00:00:00,2016-11-24 00:00:00,0,3,623,2015,Colombia,Government of Colombia,17,,FARC,743,,2,,1,3,1964-12-31,5,1974-12-31,5,100,5,14974,False
1503,289,"Government of Colombia - FARC, Government of Colombia - ELN, Government of Colombia - EPL",Colombia: Government,1975-01-01,62404.0,4,3,2,1.0,2006-12-31,5.0,5.0,,,0,3,624,2006,Colombia,Government of Colombia,17,,ELN,744,,2,,1,3,1965-01-07,1,1984-12-31,5,100,5,11687,False
1503,289,"Government of Colombia - FARC, Government of Colombia - ELN, Government of Colombia - EPL",Colombia: Government,1975-01-01,62405.0,5,3,2,1.0,2008-12-31,5.0,5.0,,,1,3,624,2008,Colombia,Government of Colombia,17,,ELN,744,,2,,1,3,1965-01-07,1,2008-12-05,1,100,5,12418,False
1503,289,"Government of Colombia - FARC, Government of Colombia - ELN, Government of Colombia - EPL",Colombia: Government,1975-01-01,62406.0,6,3,2,1.0,2010-12-31,5.0,5.0,,,1,3,624,2010,Colombia,Government of Colombia,17,,ELN,744,,2,,1,3,1965-01-07,1,2010-09-03,1,100,5,13148,False
1503,289,"Government of Colombia - FARC, Government of Colombia - ELN, Government of Colombia - EPL",Colombia: Government,1975-01-01,62407.0,7,3,2,1.0,2013-12-31,5.0,5.0,,,1,3,624,2013,Colombia,Government of Colombia,17,,ELN,744,,2,,1,3,1965-01-07,1,2013-12-31,1,100,5,14244,False
1503,289,"Government of Colombia - FARC, Government of Colombia - ELN, Government of Colombia - EPL",Colombia: Government,1975-01-01,62408.0,8,3,1,1.0,2016-12-31,5.0,2.0,2017-09-04 00:00:00,,0,3,624,2016,Colombia,Government of Colombia,17,,ELN,744,,2,,1,3,1965-01-07,1,2015-09-17,1,100,5,15340,False
1503,289,"Government of Colombia - FARC, Government of Colombia - ELN, Government of Colombia - EPL",Colombia: Government,1975-01-01,62409.0,9,3,2,1.0,2019-12-31,5.0,5.0,,,0,3,624,2019,Colombia,Government of Colombia,17,,ELN,744,,2,,1,3,1965-01-07,1,2018-02-27,1,100,5,16435,False
1503,289,"Government of Colombia - FARC, Government of Colombia - ELN, Government of Colombia - EPL",Colombia: Government,1975-01-01,62601.0,1,3,4,1.0,1984-08-24,1.0,2.0,1984-08-24 00:00:00,,0,3,626,1984,Colombia,Government of Colombia,17,,EPL,746,,2,,1,3,1968-01-06,1,1984-12-31,5,100,5,3523,False
1503,289,"Government of Colombia - FARC, Government of Colombia - ELN, Government of Colombia - EPL",Colombia: Government,1975-01-01,62602.0,2,3,3,1.0,1990-12-31,5.0,1.0,,1991-02-15 00:00:00,0,3,626,1990,Colombia,Government of Colombia,17,,EPL,746,,2,,1,3,1968-01-06,1,1987-12-31,5,100,5,5843,False
1505,289,Government of Colombia - ELN,Colombia: Government,1975-01-01,62303.0,3,3,2,1.0,2015-12-31,4.0,1.0,2016-06-23 00:00:00,2016-11-24 00:00:00,0,3,623,2015,Colombia,Government of Colombia,17,,FARC,743,,2,,1,3,1964-12-31,5,1974-12-31,5,100,5,14974,False
1505,289,Government of Colombia - ELN,Colombia: Government,1975-01-01,62404.0,4,3,2,1.0,2006-12-31,5.0,5.0,,,0,3,624,2006,Colombia,Government of Colombia,17,,ELN,744,,2,,1,3,1965-01-07,1,1984-12-31,5,100,5,11687,False
1505,289,Government of Colombia - ELN,Colombia: Government,1975-01-01,62405.0,5,3,2,1.0,2008-12-31,5.0,5.0,,,1,3,624,2008,Colombia,Government of Colombia,17,,ELN,744,,2,,1,3,1965-01-07,1,2008-12-05,1,100,5,12418,False
1505,289,Government of Colombia - ELN,Colombia: Government,1975-01-01,62406.0,6,3,2,1.0,2010-12-31,5.0,5.0,,,1,3,624,2010,Colombia,Government of Colombia,17,,ELN,744,,2,,1,3,1965-01-07,1,2010-09-03,1,100,5,13148,False
1505,289,Government of Colombia - ELN,Colombia: Government,1975-01-01,62407.0,7,3,2,1.0,2013-12-31,5.0,5.0,,,1,3,624,2013,Colombia,Government of Colombia,17,,ELN,744,,2,,1,3,1965-01-07,1,2013-12-31,1,100,5,14244,False
1505,289,Government of Colombia - ELN,Colombia: Government,1975-01-01,62408.0,8,3,1,1.0,2016-12-31,5.0,2.0,2017-09-04 00:00:00,,0,3,624,2016,Colombia,Government of Colombia,17,,ELN,744,,2,,1,3,1965-01-07,1,2015-09-17,1,100,5,15340,False
1505,289,Government of Colombia - ELN,Colombia: Government,1975-01-01,62409.0,9,3,2,1.0,2019-12-31,5.0,5.0,,,0,3,624,2019,Colombia,Government of Colombia,17,,ELN,744,,2,,1,3,1965-01-07,1,2018-02-27,1,100,5,16435,False
1505,289,Government of Colombia - ELN,Colombia: Government,1975-01-01,62601.0,1,3,4,1.0,1984-08-24,1.0,2.0,1984-08-24 00:00:00,,0,3,626,1984,Colombia,Government of Colombia,17,,EPL,746,,2,,1,3,1968-01-06,1,1984-12-31,5,100,5,3523,False
1505,289,Government of Colombia - ELN,Colombia: Government,1975-01-01,62602.0,2,3,3,1.0,1990-12-31,5.0,1.0,,1991-02-15 00:00:00,0,3,626,1990,Colombia,Government of Colombia,17,,EPL,746,,2,,1,3,1968-01-06,1,1987-12-31,5,100,5,5843,False
1329,289,Government of Colombia - FARC,Colombia: Government,1975-01-01,62303.0,3,3,2,1.0,2015-12-31,4.0,1.0,2016-06-23 00:00:00,2016-11-24 00:00:00,0,3,623,2015,Colombia,Government of Colombia,17,,FARC,743,,2,,1,3,1964-12-31,5,1974-12-31,5,100,5,14974,False
1329,289,Government of Colombia - FARC,Colombia: Government,1975-01-01,62404.0,4,3,2,1.0,2006-12-31,5.0,5.0,,,0,3,624,2006,Colombia,Government of Colombia,17,,ELN,744,,2,,1,3,1965-01-07,1,1984-12-31,5,100,5,11687,False
1329,289,Government of Colombia - FARC,Colombia: Government,1975-01-01,62405.0,5,3,2,1.0,2008-12-31,5.0,5.0,,,1,3,624,2008,Colombia,Government of Colombia,17,,ELN,744,,2,,1,3,1965-01-07,1,2008-12-05,1,100,5,12418,False
1329,289,Government of Colombia - FARC,Colombia: Government,1975-01-01,62406.0,6,3,2,1.0,2010-12-31,5.0,5.0,,,1,3,624,2010,Colombia,Government of Colombia,17,,ELN,744,,2,,1,3,1965-01-07,1,2010-09-03,1,100,5,13148,False
1329,289,Government of Colombia - FARC,Colombia: Government,1975-01-01,62407.0,7,3,2,1.0,2013-12-31,5.0,5.0,,,1,3,624,2013,Colombia,Government of Colombia,17,,ELN,744,,2,,1,3,1965-01-07,1,2013-12-31,1,100,5,14244,False
1329,289,Government of Colombia - FARC,Colombia: Government,1975-01-01,62408.0,8,3,1,1.0,2016-12-31,5.0,2.0,2017-09-04 00:00:00,,0,3,624,2016,Colombia,Government of Colombia,17,,ELN,744,,2,,1,3,1965-01-07,1,2015-09-17,1,100,5,15340,False
1329,289,Government of Colombia - FARC,Colombia: Government,1975-01-01,62409.0,9,3,2,1.0,2019-12-31,5.0,5.0,,,0,3,624,2019,Colombia,Government of Colombia,17,,ELN,744,,2,,1,3,1965-01-07,1,2018-02-27,1,100,5,16435,False
1329,289,Government of Colombia - FARC,Colombia: Government,1975-01-01,62601.0,1,3,4,1.0,1984-08-24,1.0,2.0,1984-08-24 00:00:00,,0,3,626,1984,Colombia,Government of Colombia,17,,EPL,746,,2,,1,3,1968-01-06,1,1984-12-31,5,100,5,3523,False
1329,289,Government of Colombia - FARC,Colombia: Government,1975-01-01,62602.0,2,3,3,1.0,1990-12-31,5.0,1.0,,1991-02-15 00:00:00,0,3,626,1990,Colombia,Government of Colombia,17,,EPL,746,,2,,1,3,1968-01-06,1,1987-12-31,5,100,5,5843,False
1578,289,Government of Colombia - FARC,Colombia: Government,1975-01-01,62303.0,3,3,2,1.0,2015-12-31,4.0,1.0,2016-06-23 00:00:00,2016-11-24 00:00:00,0,3,623,2015,Colombia,Government of Colombia,17,,FARC,743,,2,,1,3,1964-12-31,5,1974-12-31,5,100,5,14974,False
1578,289,Government of Colombia - FARC,Colombia: Government,1975-01-01,62404.0,4,3,2,1.0,2006-12-31,5.0,5.0,,,0,3,624,2006,Colombia,Government of Colombia,17,,ELN,744,,2,,1,3,1965-01-07,1,1984-12-31,5,100,5,11687,False
1578,289,Government of Colombia - FARC,Colombia: Government,1975-01-01,62405.0,5,3,2,1.0,2008-12-31,5.0,5.0,,,1,3,624,2008,Colombia,Government of Colombia,17,,ELN,744,,2,,1,3,1965-01-07,1,2008-12-05,1,100,5,12418,False
1578,289,Government of Colombia - FARC,Colombia: Government,1975-01-01,62406.0,6,3,2,1.0,2010-12-31,5.0,5.0,,,1,3,624,2010,Colombia,Government of Colombia,17,,ELN,744,,2,,1,3,1965-01-07,1,2010-09-03,1,100,5,13148,False
1578,289,Government of Colombia - FARC,Colombia: Government,1975-01-01,62407.0,7,3,2,1.0,2013-12-31,5.0,5.0,,,1,3,624,2013,Colombia,Government of Colombia,17,,ELN,744,,2,,1,3,1965-01-07,1,2013-12-31,1,100,5,14244,False
1578,289,Government of Colombia - FARC,Colombia: Government,1975-01-01,62408.0,8,3,1,1.0,2016-12-31,5.0,2.0,2017-09-04 00:00:00,,0,3,624,2016,Colombia,Government of Colombia,17,,ELN,744,,2,,1,3,1965-01-07,1,2015-09-17,1,100,5,15340,False
1578,289,Government of Colombia - FARC,Colombia: Government,1975-01-01,62409.0,9,3,2,1.0,2019-12-31,5.0,5.0,,,0,3,624,2019,Colombia,Government of Colombia,17,,ELN,744,,2,,1,3,1965-01-07,1,2018-02-27,1,100,5,16435,False
1578,289,Government of Colombia - FARC,Colombia: Government,1975-01-01,62601.0,1,3,4,1.0,1984-08-24,1.0,2.0,1984-08-24 00:00:00,,0,3,626,1984,Colombia,Government of Colombia,17,,EPL,746,,2,,1,3,1968-01-06,1,1984-12-31,5,100,5,3523,False
1578,289,Government of Colombia - FARC,Colombia: Government,1975-01-01,62602.0,2,3,3,1.0,1990-12-31,5.0,1.0,,1991-02-15 00:00:00,0,3,626,1990,Colombia,Government of Colombia,17,,EPL,746,,2,,1,3,1968-01-06,1,1987-12-31,5,100,5,5843,False
1122,289,Government of Colombia - FARC,Colombia: Government,1975-01-01,62303.0,3,3,2,1.0,2015-12-31,4.0,1.0,2016-06-23 00:00:00,2016-11-24 00:00:00,0,3,623,2015,Colombia,Government of Colombia,17,,FARC,743,,2,,1,3,1964-12-31,5,1974-12-31,5,100,5,14974,False
1122,289,Government of Colombia - FARC,Colombia: Government,1975-01-01,62404.0,4,3,2,1.0,2006-12-31,5.0,5.0,,,0,3,624,2006,Colombia,Government of Colombia,17,,ELN,744,,2,,1,3,1965-01-07,1,1984-12-31,5,100,5,11687,False
1122,289,Government of Colombia - FARC,Colombia: Government,1975-01-01,62405.0,5,3,2,1.0,2008-12-31,5.0,5.0,,,1,3,624,2008,Colombia,Government of Colombia,17,,ELN,744,,2,,1,3,1965-01-07,1,2008-12-05,1,100,5,12418,False
1122,289,Government of Colombia - FARC,Colombia: Government,1975-01-01,62406.0,6,3,2,1.0,2010-12-31,5.0,5.0,,,1,3,624,2010,Colombia,Government of Colombia,17,,ELN,744,,2,,1,3,1965-01-07,1,2010-09-03,1,100,5,13148,False
1122,289,Government of Colombia - FARC,Colombia: Government,1975-01-01,62407.0,7,3,2,1.0,2013-12-31,5.0,5.0,,,1,3,624,2013,Colombia,Government of Colombia,17,,ELN,744,,2,,1,3,1965-01-07,1,2013-12-31,1,100,5,14244,False
1122,289,Government of Colombia - FARC,Colombia: Government,1975-01-01,62408.0,8,3,1,1.0,2016-12-31,5.0,2.0,2017-09-04 00:00:00,,0,3,624,2016,Colombia,Government of Colombia,17,,ELN,744,,2,,1,3,1965-01-07,1,2015-09-17,1,100,5,15340,False
1122,289,Government of Colombia - FARC,Colombia: Government,1975-01-01,62409.0,9,3,2,1.0,2019-12-31,5.0,5.0,,,0,3,624,2019,Colombia,Government of Colombia,17,,ELN,744,,2,,1,3,1965-01-07,1,2018-02-27,1,100,5,16435,False
1122,289,Government of Colombia - FARC,Colombia: Government,1975-01-01,62601.0,1,3,4,1.0,1984-08-24,1.0,2.0,1984-08-24 00:00:00,,0,3,626,1984,Colombia,Government of Colombia,17,,EPL,746,,2,,1,3,1968-01-06,1,1984-12-31,5,100,5,3523,False
1122,289,Government of Colombia - FARC,Colombia: Government,1975-01-01,62602.0,2,3,3,1.0,1990-12-31,5.0,1.0,,1991-02-15 00:00:00,0,3,626,1990,Colombia,Government of Colombia,17,,EPL,746,,2,,1,3,1968-01-06,1,1987-12-31,5,100,5,5843,False
1328,289,Government of Colombia - FARC,Colombia: Government,1975-01-01,62303.0,3,3,2,1.0,2015-12-31,4.0,1.0,2016-06-23 00:00:00,2016-11-24 00:00:00,0,3,623,2015,Colombia,Government of Colombia,17,,FARC,743,,2,,1,3,1964-12-31,5,1974-12-31,5,100,5,14974,False
1328,289,Government of Colombia - FARC,Colombia: Government,1975-01-01,62404.0,4,3,2,1.0,2006-12-31,5.0,5.0,,,0,3,624,2006,Colombia,Government of Colombia,17,,ELN,744,,2,,1,3,1965-01-07,1,1984-12-31,5,100,5,11687,False
1328,289,Government of Colombia - FARC,Colombia: Government,1975-01-01,62405.0,5,3,2,1.0,2008-12-31,5.0,5.0,,,1,3,624,2008,Colombia,Government of Colombia,17,,ELN,744,,2,,1,3,1965-01-07,1,2008-12-05,1,100,5,12418,False
1328,289,Government of Colombia - FARC,Colombia: Government,1975-01-01,62406.0,6,3,2,1.0,2010-12-31,5.0,5.0,,,1,3,624,2010,Colombia,Government of Colombia,17,,ELN,744,,2,,1,3,1965-01-07,1,2010-09-03,1,100,5,13148,False
1328,289,Government of Colombia - FARC,Colombia: Government,1975-01-01,62407.0,7,3,2,1.0,2013-12-31,5.0,5.0,,,1,3,624,2013,Colombia,Government of Colombia,17,,ELN,744,,2,,1,3,1965-01-07,1,2013-12-31,1,100,5,14244,False
1328,289,Government of Colombia - FARC,Colombia: Government,1975-01-01,62408.0,8,3,1,1.0,2016-12-31,5.0,2.0,2017-09-04 00:00:00,,0,3,624,2016,Colombia,Government of Colombia,17,,ELN,744,,2,,1,3,1965-01-07,1,2015-09-17,1,100,5,15340,False
1328,289,Government of Colombia - FARC,Colombia: Government,1975-01-01,62409.0,9,3,2,1.0,2019-12-31,5.0,5.0,,,0,3,624,2019,Colombia,Government of Colombia,17,,ELN,744,,2,,1,3,1965-01-07,1,2018-02-27,1,100,5,16435,False
1328,289,Government of Colombia - FARC,Colombia: Government,1975-01-01,62601.0,1,3,4,1.0,1984-08-24,1.0,2.0,1984-08-24 00:00:00,,0,3,626,1984,Colombia,Government of Colombia,17,,EPL,746,,2,,1,3,1968-01-06,1,1984-12-31,5,100,5,3523,False
1328,289,Government of Colombia - FARC,Colombia: Government,1975-01-01,62602.0,2,3,3,1.0,1990-12-31,5.0,1.0,,1991-02-15 00:00:00,0,3,626,1990,Colombia,Government of Colombia,17,,EPL,746,,2,,1,3,1968-01-06,1,1987-12-31,5,100,5,5843,False
1120,289,Government of Colombia - FARC,Colombia: Government,1975-01-01,62303.0,3,3,2,1.0,2015-12-31,4.0,1.0,2016-06-23 00:00:00,2016-11-24 00:00:00,0,3,623,2015,Colombia,Government of Colombia,17,,FARC,743,,2,,1,3,1964-12-31,5,1974-12-31,5,100,5,14974,False
1120,289,Government of Colombia - FARC,Colombia: Government,1975-01-01,62404.0,4,3,2,1.0,2006-12-31,5.0,5.0,,,0,3,624,2006,Colombia,Government of Colombia,17,,ELN,744,,2,,1,3,1965-01-07,1,1984-12-31,5,100,5,11687,False
1120,289,Government of Colombia - FARC,Colombia: Government,1975-01-01,62405.0,5,3,2,1.0,2008-12-31,5.0,5.0,,,1,3,624,2008,Colombia,Government of Colombia,17,,ELN,744,,2,,1,3,1965-01-07,1,2008-12-05,1,100,5,12418,False
1120,289,Government of Colombia - FARC,Colombia: Government,1975-01-01,62406.0,6,3,2,1.0,2010-12-31,5.0,5.0,,,1,3,624,2010,Colombia,Government of Colombia,17,,ELN,744,,2,,1,3,1965-01-07,1,2010-09-03,1,100,5,13148,False
1120,289,Government of Colombia - FARC,Colombia: Government,1975-01-01,62407.0,7,3,2,1.0,2013-12-31,5.0,5.0,,,1,3,624,2013,Colombia,Government of Colombia,17,,ELN,744,,2,,1,3,1965-01-07,1,2013-12-31,1,100,5,14244,False
1120,289,Government of Colombia - FARC,Colombia: Government,1975-01-01,62408.0,8,3,1,1.0,2016-12-31,5.0,2.0,2017-09-04 00:00:00,,0,3,624,2016,Colombia,Government of Colombia,17,,ELN,744,,2,,1,3,1965-01-07,1,2015-09-17,1,100,5,15340,False
1120,289,Government of Colombia - FARC,Colombia: Government,1975-01-01,62409.0,9,3,2,1.0,2019-12-31,5.0,5.0,,,0,3,624,2019,Colombia,Government of Colombia,17,,ELN,744,,2,,1,3,1965-01-07,1,2018-02-27,1,100,5,16435,False
1120,289,Government of Colombia - FARC,Colombia: Government,1975-01-01,62601.0,1,3,4,1.0,1984-08-24,1.0,2.0,1984-08-24 00:00:00,,0,3,626,1984,Colombia,Government of Colombia,17,,EPL,746,,2,,1,3,1968-01-06,1,1984-12-31,5,100,5,3523,False
1120,289,Government of Colombia - FARC,Colombia: Government,1975-01-01,62602.0,2,3,3,1.0,1990-12-31,5.0,1.0,,1991-02-15 00:00:00,0,3,626,1990,Colombia,Government of Colombia,17,,EPL,746,,2,,1,3,1968-01-06,1,1987-12-31,5,100,5,5843,False
1447,289,Government of Colombia - FARC,Colombia: Government,1975-01-01,62303.0,3,3,2,1.0,2015-12-31,4.0,1.0,2016-06-23 00:00:00,2016-11-24 00:00:00,0,3,623,2015,Colombia,Government of Colombia,17,,FARC,743,,2,,1,3,1964-12-31,5,1974-12-31,5,100,5,14974,False
1447,289,Government of Colombia - FARC,Colombia: Government,1975-01-01,62404.0,4,3,2,1.0,2006-12-31,5.0,5.0,,,0,3,624,2006,Colombia,Government of Colombia,17,,ELN,744,,2,,1,3,1965-01-07,1,1984-12-31,5,100,5,11687,False
1447,289,Government of Colombia - FARC,Colombia: Government,1975-01-01,62405.0,5,3,2,1.0,2008-12-31,5.0,5.0,,,1,3,624,2008,Colombia,Government of Colombia,17,,ELN,744,,2,,1,3,1965-01-07,1,2008-12-05,1,100,5,12418,False
1447,289,Government of Colombia - FARC,Colombia: Government,1975-01-01,62406.0,6,3,2,1.0,2010-12-31,5.0,5.0,,,1,3,624,2010,Colombia,Government of Colombia,17,,ELN,744,,2,,1,3,1965-01-07,1,2010-09-03,1,100,5,13148,False
1447,289,Government of Colombia - FARC,Colombia: Government,1975-01-01,62407.0,7,3,2,1.0,2013-12-31,5.0,5.0,,,1,3,624,2013,Colombia,Government of Colombia,17,,ELN,744,,2,,1,3,1965-01-07,1,2013-12-31,1,100,5,14244,False
1447,289,Government of Colombia - FARC,Colombia: Government,1975-01-01,62408.0,8,3,1,1.0,2016-12-31,5.0,2.0,2017-09-04 00:00:00,,0,3,624,2016,Colombia,Government of Colombia,17,,ELN,744,,2,,1,3,1965-01-07,1,2015-09-17,1,100,5,15340,False
1447,289,Government of Colombia - FARC,Colombia: Government,1975-01-01,62409.0,9,3,2,1.0,2019-12-31,5.0,5.0,,,0,3,624,2019,Colombia,Government of Colombia,17,,ELN,744,,2,,1,3,1965-01-07,1,2018-02-27,1,100,5,16435,False
1447,289,Government of Colombia - FARC,Colombia: Government,1975-01-01,62601.0,1,3,4,1.0,1984-08-24,1.0,2.0,1984-08-24 00:00:00,,0,3,626,1984,Colombia,Government of Colombia,17,,EPL,746,,2,,1,3,1968-01-06,1,1984-12-31,5,100,5,3523,False
1447,289,Government of Colombia - FARC,Colombia: Government,1975-01-01,62602.0,2,3,3,1.0,1990-12-31,5.0,1.0,,1991-02-15 00:00:00,0,3,626,1990,Colombia,Government of Colombia,17,,EPL,746,,2,,1,3,1968-01-06,1,1987-12-31,5,100,5,5843,False
1579,289,Government of Colombia - FARC,Colombia: Government,1975-01-01,62303.0,3,3,2,1.0,2015-12-31,4.0,1.0,2016-06-23 00:00:00,2016-11-24 00:00:00,0,3,623,2015,Colombia,Government of Colombia,17,,FARC,743,,2,,1,3,1964-12-31,5,1974-12-31,5,100,5,14974,False
1579,289,Government of Colombia - FARC,Colombia: Government,1975-01-01,62404.0,4,3,2,1.0,2006-12-31,5.0,5.0,,,0,3,624,2006,Colombia,Government of Colombia,17,,ELN,744,,2,,1,3,1965-01-07,1,1984-12-31,5,100,5,11687,False
1579,289,Government of Colombia - FARC,Colombia: Government,1975-01-01,62405.0,5,3,2,1.0,2008-12-31,5.0,5.0,,,1,3,624,2008,Colombia,Government of Colombia,17,,ELN,744,,2,,1,3,1965-01-07,1,2008-12-05,1,100,5,12418,False
1579,289,Government of Colombia - FARC,Colombia: Government,1975-01-01,62406.0,6,3,2,1.0,2010-12-31,5.0,5.0,,,1,3,624,2010,Colombia,Government of Colombia,17,,ELN,744,,2,,1,3,1965-01-07,1,2010-09-03,1,100,5,13148,False
1579,289,Government of Colombia - FARC,Colombia: Government,1975-01-01,62407.0,7,3,2,1.0,2013-12-31,5.0,5.0,,,1,3,624,2013,Colombia,Government of Colombia,17,,ELN,744,,2,,1,3,1965-01-07,1,2013-12-31,1,100,5,14244,False
1579,289,Government of Colombia - FARC,Colombia: Government,1975-01-01,62408.0,8,3,1,1.0,2016-12-31,5.0,2.0,2017-09-04 00:00:00,,0,3,624,2016,Colombia,Government of Colombia,17,,ELN,744,,2,,1,3,1965-01-07,1,2015-09-17,1,100,5,15340,False
1579,289,Government of Colombia - FARC,Colombia: Government,1975-01-01,62409.0,9,3,2,1.0,2019-12-31,5.0,5.0,,,0,3,624,2019,Colombia,Government of Colombia,17,,ELN,744,,2,,1,3,1965-01-07,1,2018-02-27,1,100,5,16435,False
1579,289,Government of Colombia - FARC,Colombia: Government,1975-01-01,62601.0,1,3,4,1.0,1984-08-24,1.0,2.0,1984-08-24 00:00:00,,0,3,626,1984,Colombia,Government of Colombia,17,,EPL,746,,2,,1,3,1968-01-06,1,1984-12-31,5,100,5,3523,False
1579,289,Government of Colombia - FARC,Colombia: Government,1975-01-01,62602.0,2,3,3,1.0,1990-12-31,5.0,1.0,,1991-02-15 00:00:00,0,3,626,1990,Colombia,Government of Colombia,17,,EPL,746,,2,,1,3,1968-01-06,1,1987-12-31,5,100,5,5843,False
1506,289,Government of Colombia - FARC,Colombia: Government,1975-01-01,62303.0,3,3,2,1.0,2015-12-31,4.0,1.0,2016-06-23 00:00:00,2016-11-24 00:00:00,0,3,623,2015,Colombia,Government of Colombia,17,,FARC,743,,2,,1,3,1964-12-31,5,1974-12-31,5,100,5,14974,False
1506,289,Government of Colombia - FARC,Colombia: Government,1975-01-01,62404.0,4,3,2,1.0,2006-12-31,5.0,5.0,,,0,3,624,2006,Colombia,Government of Colombia,17,,ELN,744,,2,,1,3,1965-01-07,1,1984-12-31,5,100,5,11687,False
1506,289,Government of Colombia - FARC,Colombia: Government,1975-01-01,62405.0,5,3,2,1.0,2008-12-31,5.0,5.0,,,1,3,624,2008,Colombia,Government of Colombia,17,,ELN,744,,2,,1,3,1965-01-07,1,2008-12-05,1,100,5,12418,False
1506,289,Government of Colombia - FARC,Colombia: Government,1975-01-01,62406.0,6,3,2,1.0,2010-12-31,5.0,5.0,,,1,3,624,2010,Colombia,Government of Colombia,17,,ELN,744,,2,,1,3,1965-01-07,1,2010-09-03,1,100,5,13148,False
1506,289,Government of Colombia - FARC,Colombia: Government,1975-01-01,62407.0,7,3,2,1.0,2013-12-31,5.0,5.0,,,1,3,624,2013,Colombia,Government of Colombia,17,,ELN,744,,2,,1,3,1965-01-07,1,2013-12-31,1,100,5,14244,False
1506,289,Government of Colombia - FARC,Colombia: Government,1975-01-01,62408.0,8,3,1,1.0,2016-12-31,5.0,2.0,2017-09-04 00:00:00,,0,3,624,2016,Colombia,Government of Colombia,17,,ELN,744,,2,,1,3,1965-01-07,1,2015-09-17,1,100,5,15340,False
1506,289,Government of Colombia - FARC,Colombia: Government,1975-01-01,62409.0,9,3,2,1.0,2019-12-31,5.0,5.0,,,0,3,624,2019,Colombia,Government of Colombia,17,,ELN,744,,2,,1,3,1965-01-07,1,2018-02-27,1,100,5,16435,False
1506,289,Government of Colombia - FARC,Colombia: Government,1975-01-01,62601.0,1,3,4,1.0,1984-08-24,1.0,2.0,1984-08-24 00:00:00,,0,3,626,1984,Colombia,Government of Colombia,17,,EPL,746,,2,,1,3,1968-01-06,1,1984-12-31,5,100,5,3523,False
1506,289,Government of Colombia - FARC,Colombia: Government,1975-01-01,62602.0,2,3,3,1.0,1990-12-31,5.0,1.0,,1991-02-15 00:00:00,0,3,626,1990,Colombia,Government of Colombia,17,,EPL,746,,2,,1,3,1968-01-06,1,1987-12-31,5,100,5,5843,False
1507,289,Government of Colombia - FARC,Colombia: Government,1975-01-01,62303.0,3,3,2,1.0,2015-12-31,4.0,1.0,2016-06-23 00:00:00,2016-11-24 00:00:00,0,3,623,2015,Colombia,Government of Colombia,17,,FARC,743,,2,,1,3,1964-12-31,5,1974-12-31,5,100,5,14974,False
1507,289,Government of Colombia - FARC,Colombia: Government,1975-01-01,62404.0,4,3,2,1.0,2006-12-31,5.0,5.0,,,0,3,624,2006,Colombia,Government of Colombia,17,,ELN,744,,2,,1,3,1965-01-07,1,1984-12-31,5,100,5,11687,False
1507,289,Government of Colombia - FARC,Colombia: Government,1975-01-01,62405.0,5,3,2,1.0,2008-12-31,5.0,5.0,,,1,3,624,2008,Colombia,Government of Colombia,17,,ELN,744,,2,,1,3,1965-01-07,1,2008-12-05,1,100,5,12418,False
1507,289,Government of Colombia - FARC,Colombia: Government,1975-01-01,62406.0,6,3,2,1.0,2010-12-31,5.0,5.0,,,1,3,624,2010,Colombia,Government of Colombia,17,,ELN,744,,2,,1,3,1965-01-07,1,2010-09-03,1,100,5,13148,False
1507,289,Government of Colombia - FARC,Colombia: Government,1975-01-01,62407.0,7,3,2,1.0,2013-12-31,5.0,5.0,,,1,3,624,2013,Colombia,Government of Colombia,17,,ELN,744,,2,,1,3,1965-01-07,1,2013-12-31,1,100,5,14244,False
1507,289,Government of Colombia - FARC,Colombia: Government,1975-01-01,62408.0,8,3,1,1.0,2016-12-31,5.0,2.0,2017-09-04 00:00:00,,0,3,624,2016,Colombia,Government of Colombia,17,,ELN,744,,2,,1,3,1965-01-07,1,2015-09-17,1,100,5,15340,False
1507,289,Government of Colombia - FARC,Colombia: Government,1975-01-01,62409.0,9,3,2,1.0,2019-12-31,5.0,5.0,,,0,3,624,2019,Colombia,Government of Colombia,17,,ELN,744,,2,,1,3,1965-01-07,1,2018-02-27,1,100,5,16435,False
1507,289,Government of Colombia - FARC,Colombia: Government,1975-01-01,62601.0,1,3,4,1.0,1984-08-24,1.0,2.0,1984-08-24 00:00:00,,0,3,626,1984,Colombia,Government of Colombia,17,,EPL,746,,2,,1,3,1968-01-06,1,1984-12-31,5,100,5,3523,False
1507,289,Government of Colombia - FARC,Colombia: Government,1975-01-01,62602.0,2,3,3,1.0,1990-12-31,5.0,1.0,,1991-02-15 00:00:00,0,3,626,1990,Colombia,Government of Colombia,17,,EPL,746,,2,,1,3,1968-01-06,1,1987-12-31,5,100,5,5843,False
1580,289,Government of Colombia - FARC,Colombia: Government,1975-01-01,62303.0,3,3,2,1.0,2015-12-31,4.0,1.0,2016-06-23 00:00:00,2016-11-24 00:00:00,0,3,623,2015,Colombia,Government of Colombia,17,,FARC,743,,2,,1,3,1964-12-31,5,1974-12-31,5,100,5,14974,False
1580,289,Government of Colombia - FARC,Colombia: Government,1975-01-01,62404.0,4,3,2,1.0,2006-12-31,5.0,5.0,,,0,3,624,2006,Colombia,Government of Colombia,17,,ELN,744,,2,,1,3,1965-01-07,1,1984-12-31,5,100,5,11687,False
1580,289,Government of Colombia - FARC,Colombia: Government,1975-01-01,62405.0,5,3,2,1.0,2008-12-31,5.0,5.0,,,1,3,624,2008,Colombia,Government of Colombia,17,,ELN,744,,2,,1,3,1965-01-07,1,2008-12-05,1,100,5,12418,False
1580,289,Government of Colombia - FARC,Colombia: Government,1975-01-01,62406.0,6,3,2,1.0,2010-12-31,5.0,5.0,,,1,3,624,2010,Colombia,Government of Colombia,17,,ELN,744,,2,,1,3,1965-01-07,1,2010-09-03,1,100,5,13148,False
1580,289,Government of Colombia - FARC,Colombia: Government,1975-01-01,62407.0,7,3,2,1.0,2013-12-31,5.0,5.0,,,1,3,624,2013,Colombia,Government of Colombia,17,,ELN,744,,2,,1,3,1965-01-07,1,2013-12-31,1,100,5,14244,False
1580,289,Government of Colombia - FARC,Colombia: Government,1975-01-01,62408.0,8,3,1,1.0,2016-12-31,5.0,2.0,2017-09-04 00:00:00,,0,3,624,2016,Colombia,Government of Colombia,17,,ELN,744,,2,,1,3,1965-01-07,1,2015-09-17,1,100,5,15340,False
1580,289,Government of Colombia - FARC,Colombia: Government,1975-01-01,62409.0,9,3,2,1.0,2019-12-31,5.0,5.0,,,0,3,624,2019,Colombia,Government of Colombia,17,,ELN,744,,2,,1,3,1965-01-07,1,2018-02-27,1,100,5,16435,False
1580,289,Government of Colombia - FARC,Colombia: Government,1975-01-01,62601.0,1,3,4,1.0,1984-08-24,1.0,2.0,1984-08-24 00:00:00,,0,3,626,1984,Colombia,Government of Colombia,17,,EPL,746,,2,,1,3,1968-01-06,1,1984-12-31,5,100,5,3523,False
1580,289,Government of Colombia - FARC,Colombia: Government,1975-01-01,62602.0,2,3,3,1.0,1990-12-31,5.0,1.0,,1991-02-15 00:00:00,0,3,626,1990,Colombia,Government of Colombia,17,,EPL,746,,2,,1,3,1968-01-06,1,1987-12-31,5,100,5,5843,False
1581,289,Government of Colombia - FARC,Colombia: Government,1975-01-01,62303.0,3,3,2,1.0,2015-12-31,4.0,1.0,2016-06-23 00:00:00,2016-11-24 00:00:00,0,3,623,2015,Colombia,Government of Colombia,17,,FARC,743,,2,,1,3,1964-12-31,5,1974-12-31,5,100,5,14974,False
1581,289,Government of Colombia - FARC,Colombia: Government,1975-01-01,62404.0,4,3,2,1.0,2006-12-31,5.0,5.0,,,0,3,624,2006,Colombia,Government of Colombia,17,,ELN,744,,2,,1,3,1965-01-07,1,1984-12-31,5,100,5,11687,False
1581,289,Government of Colombia - FARC,Colombia: Government,1975-01-01,62405.0,5,3,2,1.0,2008-12-31,5.0,5.0,,,1,3,624,2008,Colombia,Government of Colombia,17,,ELN,744,,2,,1,3,1965-01-07,1,2008-12-05,1,100,5,12418,False
1581,289,Government of Colombia - FARC,Colombia: Government,1975-01-01,62406.0,6,3,2,1.0,2010-12-31,5.0,5.0,,,1,3,624,2010,Colombia,Government of Colombia,17,,ELN,744,,2,,1,3,1965-01-07,1,2010-09-03,1,100,5,13148,False
1581,289,Government of Colombia - FARC,Colombia: Government,1975-01-01,62407.0,7,3,2,1.0,2013-12-31,5.0,5.0,,,1,3,624,2013,Colombia,Government of Colombia,17,,ELN,744,,2,,1,3,1965-01-07,1,2013-12-31,1,100,5,14244,False
1581,289,Government of Colombia - FARC,Colombia: Government,1975-01-01,62408.0,8,3,1,1.0,2016-12-31,5.0,2.0,2017-09-04 00:00:00,,0,3,624,2016,Colombia,Government of Colombia,17,,ELN,744,,2,,1,3,1965-01-07,1,2015-09-17,1,100,5,15340,False
1581,289,Government of Colombia - FARC,Colombia: Government,1975-01-01,62409.0,9,3,2,1.0,2019-12-31,5.0,5.0,,,0,3,624,2019,Colombia,Government of Colombia,17,,ELN,744,,2,,1,3,1965-01-07,1,2018-02-27,1,100,5,16435,False
1581,289,Government of Colombia - FARC,Colombia: Government,1975-01-01,62601.0,1,3,4,1.0,1984-08-24,1.0,2.0,1984-08-24 00:00:00,,0,3,626,1984,Colombia,Government of Colombia,17,,EPL,746,,2,,1,3,1968-01-06,1,1984-12-31,5,100,5,3523,False
1581,289,Government of Colombia - FARC,Colombia: Government,1975-01-01,62602.0,2,3,3,1.0,1990-12-31,5.0,1.0,,1991-02-15 00:00:00,0,3,626,1990,Colombia,Government of Colombia,17,,EPL,746,,2,,1,3,1968-01-06,1,1987-12-31,5,100,5,5843,False
1508,289,Government of Colombia - FARC,Colombia: Government,1975-01-01,62303.0,3,3,2,1.0,2015-12-31,4.0,1.0,2016-06-23 00:00:00,2016-11-24 00:00:00,0,3,623,2015,Colombia,Government of Colombia,17,,FARC,743,,2,,1,3,1964-12-31,5,1974-12-31,5,100,5,14974,False
1508,289,Government of Colombia - FARC,Colombia: Government,1975-01-01,62404.0,4,3,2,1.0,2006-12-31,5.0,5.0,,,0,3,624,2006,Colombia,Government of Colombia,17,,ELN,744,,2,,1,3,1965-01-07,1,1984-12-31,5,100,5,11687,False
1508,289,Government of Colombia - FARC,Colombia: Government,1975-01-01,62405.0,5,3,2,1.0,2008-12-31,5.0,5.0,,,1,3,624,2008,Colombia,Government of Colombia,17,,ELN,744,,2,,1,3,1965-01-07,1,2008-12-05,1,100,5,12418,False
1508,289,Government of Colombia - FARC,Colombia: Government,1975-01-01,62406.0,6,3,2,1.0,2010-12-31,5.0,5.0,,,1,3,624,2010,Colombia,Government of Colombia,17,,ELN,744,,2,,1,3,1965-01-07,1,2010-09-03,1,100,5,13148,False
1508,289,Government of Colombia - FARC,Colombia: Government,1975-01-01,62407.0,7,3,2,1.0,2013-12-31,5.0,5.0,,,1,3,624,2013,Colombia,Government of Colombia,17,,ELN,744,,2,,1,3,1965-01-07,1,2013-12-31,1,100,5,14244,False
1508,289,Government of Colombia - FARC,Colombia: Government,1975-01-01,62408.0,8,3,1,1.0,2016-12-31,5.0,2.0,2017-09-04 00:00:00,,0,3,624,2016,Colombia,Government of Colombia,17,,ELN,744,,2,,1,3,1965-01-07,1,2015-09-17,1,100,5,15340,False
1508,289,Government of Colombia - FARC,Colombia: Government,1975-01-01,62409.0,9,3,2,1.0,2019-12-31,5.0,5.0,,,0,3,624,2019,Colombia,Government of Colombia,17,,ELN,744,,2,,1,3,1965-01-07,1,2018-02-27,1,100,5,16435,False
1508,289,Government of Colombia - FARC,Colombia: Government,1975-01-01,62601.0,1,3,4,1.0,1984-08-24,1.0,2.0,1984-08-24 00:00:00,,0,3,626,1984,Colombia,Government of Colombia,17,,EPL,746,,2,,1,3,1968-01-06,1,1984-12-31,5,100,5,3523,False
1508,289,Government of Colombia - FARC,Colombia: Government,1975-01-01,62602.0,2,3,3,1.0,1990-12-31,5.0,1.0,,1991-02-15 00:00:00,0,3,626,1990,Colombia,Government of Colombia,17,,EPL,746,,2,,1,3,1968-01-06,1,1987-12-31,5,100,5,5843,False
1487,289,Government of Colombia - FARC,Colombia: Government,1975-01-01,62303.0,3,3,2,1.0,2015-12-31,4.0,1.0,2016-06-23 00:00:00,2016-11-24 00:00:00,0,3,623,2015,Colombia,Government of Colombia,17,,FARC,743,,2,,1,3,1964-12-31,5,1974-12-31,5,100,5,14974,False
1487,289,Government of Colombia - FARC,Colombia: Government,1975-01-01,62404.0,4,3,2,1.0,2006-12-31,5.0,5.0,,,0,3,624,2006,Colombia,Government of Colombia,17,,ELN,744,,2,,1,3,1965-01-07,1,1984-12-31,5,100,5,11687,False
1487,289,Government of Colombia - FARC,Colombia: Government,1975-01-01,62405.0,5,3,2,1.0,2008-12-31,5.0,5.0,,,1,3,624,2008,Colombia,Government of Colombia,17,,ELN,744,,2,,1,3,1965-01-07,1,2008-12-05,1,100,5,12418,False
1487,289,Government of Colombia - FARC,Colombia: Government,1975-01-01,62406.0,6,3,2,1.0,2010-12-31,5.0,5.0,,,1,3,624,2010,Colombia,Government of Colombia,17,,ELN,744,,2,,1,3,1965-01-07,1,2010-09-03,1,100,5,13148,False
1487,289,Government of Colombia - FARC,Colombia: Government,1975-01-01,62407.0,7,3,2,1.0,2013-12-31,5.0,5.0,,,1,3,624,2013,Colombia,Government of Colombia,17,,ELN,744,,2,,1,3,1965-01-07,1,2013-12-31,1,100,5,14244,False
1487,289,Government of Colombia - FARC,Colombia: Government,1975-01-01,62408.0,8,3,1,1.0,2016-12-31,5.0,2.0,2017-09-04 00:00:00,,0,3,624,2016,Colombia,Government of Colombia,17,,ELN,744,,2,,1,3,1965-01-07,1,2015-09-17,1,100,5,15340,False
1487,289,Government of Colombia - FARC,Colombia: Government,1975-01-01,62409.0,9,3,2,1.0,2019-12-31,5.0,5.0,,,0,3,624,2019,Colombia,Government of Colombia,17,,ELN,744,,2,,1,3,1965-01-07,1,2018-02-27,1,100,5,16435,False
1487,289,Government of Colombia - FARC,Colombia: Government,1975-01-01,62601.0,1,3,4,1.0,1984-08-24,1.0,2.0,1984-08-24 00:00:00,,0,3,626,1984,Colombia,Government of Colombia,17,,EPL,746,,2,,1,3,1968-01-06,1,1984-12-31,5,100,5,3523,False
1487,289,Government of Colombia - FARC,Colombia: Government,1975-01-01,62602.0,2,3,3,1.0,1990-12-31,5.0,1.0,,1991-02-15 00:00:00,0,3,626,1990,Colombia,Government of Colombia,17,,EPL,746,,2,,1,3,1968-01-06,1,1987-12-31,5,100,5,5843,False
1102,316,Government of El Salvador - FMLN,El Salvador: Government,1975-01-01,69501.0,1,3,2,1.0,1979-12-31,5.0,6.0,,,0,3,695,1979,El Salvador,Government of El Salvador,13,,ERP,753,,2,,1,3,1973-03-02,1,1979-12-31,5,92,5,1825,False
1103,316,Government of El Salvador - FMLN,El Salvador: Government,1975-01-01,69501.0,1,3,2,1.0,1979-12-31,5.0,6.0,,,0,3,695,1979,El Salvador,Government of El Salvador,13,,ERP,753,,2,,1,3,1973-03-02,1,1979-12-31,5,92,5,1825,False
1104,316,Government of El Salvador - FMLN,El Salvador: Government,1975-01-01,69501.0,1,3,2,1.0,1979-12-31,5.0,6.0,,,0,3,695,1979,El Salvador,Government of El Salvador,13,,ERP,753,,2,,1,3,1973-03-02,1,1979-12-31,5,92,5,1825,False
1105,316,Government of El Salvador - FMLN,El Salvador: Government,1975-01-01,69501.0,1,3,2,1.0,1979-12-31,5.0,6.0,,,0,3,695,1979,El Salvador,Government of El Salvador,13,,ERP,753,,2,,1,3,1973-03-02,1,1979-12-31,5,92,5,1825,False
1106,316,Government of El Salvador - FMLN,El Salvador: Government,1975-01-01,69501.0,1,3,2,1.0,1979-12-31,5.0,6.0,,,0,3,695,1979,El Salvador,Government of El Salvador,13,,ERP,753,,2,,1,3,1973-03-02,1,1979-12-31,5,92,5,1825,False
1107,316,Government of El Salvador - FMLN,El Salvador: Government,1975-01-01,69501.0,1,3,2,1.0,1979-12-31,5.0,6.0,,,0,3,695,1979,El Salvador,Government of El Salvador,13,,ERP,753,,2,,1,3,1973-03-02,1,1979-12-31,5,92,5,1825,False
1108,316,Government of El Salvador - FMLN,El Salvador: Government,1975-01-01,69501.0,1,3,2,1.0,1979-12-31,5.0,6.0,,,0,3,695,1979,El Salvador,Government of El Salvador,13,,ERP,753,,2,,1,3,1973-03-02,1,1979-12-31,5,92,5,1825,False
1109,316,Government of El Salvador - FMLN,El Salvador: Government,1975-01-01,69501.0,1,3,2,1.0,1979-12-31,5.0,6.0,,,0,3,695,1979,El Salvador,Government of El Salvador,13,,ERP,753,,2,,1,3,1973-03-02,1,1979-12-31,5,92,5,1825,False
1110,316,Government of El Salvador - FMLN,El Salvador: Government,1975-01-01,69501.0,1,3,2,1.0,1979-12-31,5.0,6.0,,,0,3,695,1979,El Salvador,Government of El Salvador,13,,ERP,753,,2,,1,3,1973-03-02,1,1979-12-31,5,92,5,1825,False
1591,316,Government of El Salvador - FMLN,El Salvador: Government,1975-01-01,69501.0,1,3,2,1.0,1979-12-31,5.0,6.0,,,0,3,695,1979,El Salvador,Government of El Salvador,13,,ERP,753,,2,,1,3,1973-03-02,1,1979-12-31,5,92,5,1825,False
1593,316,Government of El Salvador - FMLN,El Salvador: Government,1975-01-01,69501.0,1,3,2,1.0,1979-12-31,5.0,6.0,,,0,3,695,1979,El Salvador,Government of El Salvador,13,,ERP,753,,2,,1,3,1973-03-02,1,1979-12-31,5,92,5,1825,False
1592,316,Government of El Salvador - FMLN,El Salvador: Government,1975-01-01,69501.0,1,3,2,1.0,1979-12-31,5.0,6.0,,,0,3,695,1979,El Salvador,Government of El Salvador,13,,ERP,753,,2,,1,3,1973-03-02,1,1979-12-31,5,92,5,1825,False
1594,316,Government of El Salvador - FMLN,El Salvador: Government,1975-01-01,69501.0,1,3,2,1.0,1979-12-31,5.0,6.0,,,0,3,695,1979,El Salvador,Government of El Salvador,13,,ERP,753,,2,,1,3,1973-03-02,1,1979-12-31,5,92,5,1825,False
1082,233,Government of Guatemala - URNG,Guatemala: Government,1975-01-01,46503.0,3,3,4,1.0,1981-12-31,5.0,6.0,,,1,3,465,1981,Guatemala,Government of Guatemala,11,,FAR I,728,,2,,1,3,1963-03-22,1,1981-12-31,5,90,5,2556,False
1082,233,Government of Guatemala - URNG,Guatemala: Government,1975-01-01,46601.0,1,3,4,1.0,1981-12-31,5.0,6.0,,,0,3,466,1981,Guatemala,Government of Guatemala,11,,FAR II,729,,2,,1,3,1970-12-31,5,1970-12-31,5,90,5,2556,False
1083,233,Government of Guatemala - URNG,Guatemala: Government,1975-01-01,46503.0,3,3,4,1.0,1981-12-31,5.0,6.0,,,1,3,465,1981,Guatemala,Government of Guatemala,11,,FAR I,728,,2,,1,3,1963-03-22,1,1981-12-31,5,90,5,2556,False
1083,233,Government of Guatemala - URNG,Guatemala: Government,1975-01-01,46601.0,1,3,4,1.0,1981-12-31,5.0,6.0,,,0,3,466,1981,Guatemala,Government of Guatemala,11,,FAR II,729,,2,,1,3,1970-12-31,5,1970-12-31,5,90,5,2556,False
1084,233,Government of Guatemala - URNG,Guatemala: Government,1975-01-01,46503.0,3,3,4,1.0,1981-12-31,5.0,6.0,,,1,3,465,1981,Guatemala,Government of Guatemala,11,,FAR I,728,,2,,1,3,1963-03-22,1,1981-12-31,5,90,5,2556,False
1084,233,Government of Guatemala - URNG,Guatemala: Government,1975-01-01,46601.0,1,3,4,1.0,1981-12-31,5.0,6.0,,,0,3,466,1981,Guatemala,Government of Guatemala,11,,FAR II,729,,2,,1,3,1970-12-31,5,1970-12-31,5,90,5,2556,False
1085,233,Government of Guatemala - URNG,Guatemala: Government,1975-01-01,46503.0,3,3,4,1.0,1981-12-31,5.0,6.0,,,1,3,465,1981,Guatemala,Government of Guatemala,11,,FAR I,728,,2,,1,3,1963-03-22,1,1981-12-31,5,90,5,2556,False
1085,233,Government of Guatemala - URNG,Guatemala: Government,1975-01-01,46601.0,1,3,4,1.0,1981-12-31,5.0,6.0,,,0,3,466,1981,Guatemala,Government of Guatemala,11,,FAR II,729,,2,,1,3,1970-12-31,5,1970-12-31,5,90,5,2556,False
1086,233,Government of Guatemala - URNG,Guatemala: Government,1975-01-01,46503.0,3,3,4,1.0,1981-12-31,5.0,6.0,,,1,3,465,1981,Guatemala,Government of Guatemala,11,,FAR I,728,,2,,1,3,1963-03-22,1,1981-12-31,5,90,5,2556,False
1086,233,Government of Guatemala - URNG,Guatemala: Government,1975-01-01,46601.0,1,3,4,1.0,1981-12-31,5.0,6.0,,,0,3,466,1981,Guatemala,Government of Guatemala,11,,FAR II,729,,2,,1,3,1970-12-31,5,1970-12-31,5,90,5,2556,False
1087,233,Government of Guatemala - URNG,Guatemala: Government,1975-01-01,46503.0,3,3,4,1.0,1981-12-31,5.0,6.0,,,1,3,465,1981,Guatemala,Government of Guatemala,11,,FAR I,728,,2,,1,3,1963-03-22,1,1981-12-31,5,90,5,2556,False
1087,233,Government of Guatemala - URNG,Guatemala: Government,1975-01-01,46601.0,1,3,4,1.0,1981-12-31,5.0,6.0,,,0,3,466,1981,Guatemala,Government of Guatemala,11,,FAR II,729,,2,,1,3,1970-12-31,5,1970-12-31,5,90,5,2556,False
1088,233,Government of Guatemala - URNG,Guatemala: Government,1975-01-01,46503.0,3,3,4,1.0,1981-12-31,5.0,6.0,,,1,3,465,1981,Guatemala,Government of Guatemala,11,,FAR I,728,,2,,1,3,1963-03-22,1,1981-12-31,5,90,5,2556,False
1088,233,Government of Guatemala - URNG,Guatemala: Government,1975-01-01,46601.0,1,3,4,1.0,1981-12-31,5.0,6.0,,,0,3,466,1981,Guatemala,Government of Guatemala,11,,FAR II,729,,2,,1,3,1970-12-31,5,1970-12-31,5,90,5,2556,False
1089,233,Government of Guatemala - URNG,Guatemala: Government,1975-01-01,46503.0,3,3,4,1.0,1981-12-31,5.0,6.0,,,1,3,465,1981,Guatemala,Government of Guatemala,11,,FAR I,728,,2,,1,3,1963-03-22,1,1981-12-31,5,90,5,2556,False
1089,233,Government of Guatemala - URNG,Guatemala: Government,1975-01-01,46601.0,1,3,4,1.0,1981-12-31,5.0,6.0,,,0,3,466,1981,Guatemala,Government of Guatemala,11,,FAR II,729,,2,,1,3,1970-12-31,5,1970-12-31,5,90,5,2556,False
1090,233,Government of Guatemala - URNG,Guatemala: Government,1975-01-01,46503.0,3,3,4,1.0,1981-12-31,5.0,6.0,,,1,3,465,1981,Guatemala,Government of Guatemala,11,,FAR I,728,,2,,1,3,1963-03-22,1,1981-12-31,5,90,5,2556,False
1090,233,Government of Guatemala - URNG,Guatemala: Government,1975-01-01,46601.0,1,3,4,1.0,1981-12-31,5.0,6.0,,,0,3,466,1981,Guatemala,Government of Guatemala,11,,FAR II,729,,2,,1,3,1970-12-31,5,1970-12-31,5,90,5,2556,False
1091,233,Government of Guatemala - URNG,Guatemala: Government,1975-01-01,46503.0,3,3,4,1.0,1981-12-31,5.0,6.0,,,1,3,465,1981,Guatemala,Government of Guatemala,11,,FAR I,728,,2,,1,3,1963-03-22,1,1981-12-31,5,90,5,2556,False
1091,233,Government of Guatemala - URNG,Guatemala: Government,1975-01-01,46601.0,1,3,4,1.0,1981-12-31,5.0,6.0,,,0,3,466,1981,Guatemala,Government of Guatemala,11,,FAR II,729,,2,,1,3,1970-12-31,5,1970-12-31,5,90,5,2556,False
1092,233,Government of Guatemala - URNG,Guatemala: Government,1975-01-01,46503.0,3,3,4,1.0,1981-12-31,5.0,6.0,,,1,3,465,1981,Guatemala,Government of Guatemala,11,,FAR I,728,,2,,1,3,1963-03-22,1,1981-12-31,5,90,5,2556,False
1092,233,Government of Guatemala - URNG,Guatemala: Government,1975-01-01,46601.0,1,3,4,1.0,1981-12-31,5.0,6.0,,,0,3,466,1981,Guatemala,Government of Guatemala,11,,FAR II,729,,2,,1,3,1970-12-31,5,1970-12-31,5,90,5,2556,False
1093,233,Government of Guatemala - URNG,Guatemala: Government,1975-01-01,46503.0,3,3,4,1.0,1981-12-31,5.0,6.0,,,1,3,465,1981,Guatemala,Government of Guatemala,11,,FAR I,728,,2,,1,3,1963-03-22,1,1981-12-31,5,90,5,2556,False
1093,233,Government of Guatemala - URNG,Guatemala: Government,1975-01-01,46601.0,1,3,4,1.0,1981-12-31,5.0,6.0,,,0,3,466,1981,Guatemala,Government of Guatemala,11,,FAR II,729,,2,,1,3,1970-12-31,5,1970-12-31,5,90,5,2556,False
1094,233,Government of Guatemala - URNG,Guatemala: Government,1975-01-01,46503.0,3,3,4,1.0,1981-12-31,5.0,6.0,,,1,3,465,1981,Guatemala,Government of Guatemala,11,,FAR I,728,,2,,1,3,1963-03-22,1,1981-12-31,5,90,5,2556,False
1094,233,Government of Guatemala - URNG,Guatemala: Government,1975-01-01,46601.0,1,3,4,1.0,1981-12-31,5.0,6.0,,,0,3,466,1981,Guatemala,Government of Guatemala,11,,FAR II,729,,2,,1,3,1970-12-31,5,1970-12-31,5,90,5,2556,False
1095,233,Government of Guatemala - URNG,Guatemala: Government,1975-01-01,46503.0,3,3,4,1.0,1981-12-31,5.0,6.0,,,1,3,465,1981,Guatemala,Government of Guatemala,11,,FAR I,728,,2,,1,3,1963-03-22,1,1981-12-31,5,90,5,2556,False
1095,233,Government of Guatemala - URNG,Guatemala: Government,1975-01-01,46601.0,1,3,4,1.0,1981-12-31,5.0,6.0,,,0,3,466,1981,Guatemala,Government of Guatemala,11,,FAR II,729,,2,,1,3,1970-12-31,5,1970-12-31,5,90,5,2556,False
1081,233,Government of Guatemala - URNG,Guatemala: Government,1975-01-01,46503.0,3,3,4,1.0,1981-12-31,5.0,6.0,,,1,3,465,1981,Guatemala,Government of Guatemala,11,,FAR I,728,,2,,1,3,1963-03-22,1,1981-12-31,5,90,5,2556,False
1081,233,Government of Guatemala - URNG,Guatemala: Government,1975-01-01,46601.0,1,3,4,1.0,1981-12-31,5.0,6.0,,,0,3,466,1981,Guatemala,Government of Guatemala,11,,FAR II,729,,2,,1,3,1970-12-31,5,1970-12-31,5,90,5,2556,False
1097,233,Government of Guatemala - URNG,Guatemala: Government,1975-01-01,46503.0,3,3,4,1.0,1981-12-31,5.0,6.0,,,1,3,465,1981,Guatemala,Government of Guatemala,11,,FAR I,728,,2,,1,3,1963-03-22,1,1981-12-31,5,90,5,2556,False
1097,233,Government of Guatemala - URNG,Guatemala: Government,1975-01-01,46601.0,1,3,4,1.0,1981-12-31,5.0,6.0,,,0,3,466,1981,Guatemala,Government of Guatemala,11,,FAR II,729,,2,,1,3,1970-12-31,5,1970-12-31,5,90,5,2556,False
1512,218,Government of India - Government of Pakistan,India - Pakistan,1975-01-01,42204.0,4,2,1,1.0,1984-12-31,5.0,5.0,,,1,3,422,1984,"India, Pakistan",Government of India,141,,Government of Pakistan,142,,1,Kashmir,1,2,1948-12-31,5,1984-12-31,5,"750, 770",3,3652,False
1512,218,Government of India - Government of Pakistan,India - Pakistan,1975-01-01,42205.0,5,2,1,1.0,1987-12-31,5.0,5.0,,,1,3,422,1987,"India, Pakistan",Government of India,141,,Government of Pakistan,142,,1,Kashmir,1,2,1948-12-31,5,1987-12-31,5,"750, 770",3,4747,False
1512,218,Government of India - Government of Pakistan,India - Pakistan,1975-01-01,42206.0,6,2,1,1.0,1992-12-31,5.0,5.0,,,0,3,422,1992,"India, Pakistan",Government of India,141,,Government of Pakistan,142,,1,Kashmir,1,2,1948-12-31,5,1989-12-31,5,"750, 770",3,6574,False
1512,218,Government of India - Government of Pakistan,India - Pakistan,1975-01-01,42207.0,7,2,1,1.0,1994-11-28,2.0,5.0,,,1,3,422,1994,"India, Pakistan",Government of India,141,,Government of Pakistan,142,,1,Kashmir,1,2,1948-12-31,5,1994-06-28,5,"750, 770",3,7271,False
1512,218,Government of India - Government of Pakistan,India - Pakistan,1975-01-01,42208.0,8,2,1,1.0,2003-11-26,1.0,2.0,2003-11-25 00:00:00,,0,3,422,2003,"India, Pakistan",Government of India,141,,Government of Pakistan,142,,1,Kashmir,1,2,1948-12-31,5,1996-12-31,5,"750, 770",3,10556,False
1513,218,Government of India - Government of Pakistan,India - Pakistan,1975-01-01,42204.0,4,2,1,1.0,1984-12-31,5.0,5.0,,,1,3,422,1984,"India, Pakistan",Government of India,141,,Government of Pakistan,142,,1,Kashmir,1,2,1948-12-31,5,1984-12-31,5,"750, 770",3,3652,False
1513,218,Government of India - Government of Pakistan,India - Pakistan,1975-01-01,42205.0,5,2,1,1.0,1987-12-31,5.0,5.0,,,1,3,422,1987,"India, Pakistan",Government of India,141,,Government of Pakistan,142,,1,Kashmir,1,2,1948-12-31,5,1987-12-31,5,"750, 770",3,4747,False
1513,218,Government of India - Government of Pakistan,India - Pakistan,1975-01-01,42206.0,6,2,1,1.0,1992-12-31,5.0,5.0,,,0,3,422,1992,"India, Pakistan",Government of India,141,,Government of Pakistan,142,,1,Kashmir,1,2,1948-12-31,5,1989-12-31,5,"750, 770",3,6574,False
1513,218,Government of India - Government of Pakistan,India - Pakistan,1975-01-01,42207.0,7,2,1,1.0,1994-11-28,2.0,5.0,,,1,3,422,1994,"India, Pakistan",Government of India,141,,Government of Pakistan,142,,1,Kashmir,1,2,1948-12-31,5,1994-06-28,5,"750, 770",3,7271,False
1513,218,Government of India - Government of Pakistan,India - Pakistan,1975-01-01,42208.0,8,2,1,1.0,2003-11-26,1.0,2.0,2003-11-25 00:00:00,,0,3,422,2003,"India, Pakistan",Government of India,141,,Government of Pakistan,142,,1,Kashmir,1,2,1948-12-31,5,1996-12-31,5,"750, 770",3,10556,False
1406,324,Government of Iran - Government of Iraq,Iran - Iraq,1975-01-01,70702.0,2,2,1,1.0,1988-08-20,1.0,2.0,1988-08-20 00:00:00,1990-08-17 00:00:00,0,3,707,1988,"Iran, Iraq",Government of Iran,114,,Government of Iraq,116,,3,Various,2,2,1972-04-11,1,1980-09-23,1,"630, 645",2,4980,False
1407,324,Government of Iran - Government of Iraq,Iran - Iraq,1975-01-01,70702.0,2,2,1,1.0,1988-08-20,1.0,2.0,1988-08-20 00:00:00,1990-08-17 00:00:00,0,3,707,1988,"Iran, Iraq",Government of Iran,114,,Government of Iraq,116,,3,Various,2,2,1972-04-11,1,1980-09-23,1,"630, 645",2,4980,False
1408,324,Government of Iran - Government of Iraq,Iran - Iraq,1975-01-01,70702.0,2,2,1,1.0,1988-08-20,1.0,2.0,1988-08-20 00:00:00,1990-08-17 00:00:00,0,3,707,1988,"Iran, Iraq",Government of Iran,114,,Government of Iraq,116,,3,Various,2,2,1972-04-11,1,1980-09-23,1,"630, 645",2,4980,False
1409,324,Government of Iran - Government of Iraq,Iran - Iraq,1975-01-01,70702.0,2,2,1,1.0,1988-08-20,1.0,2.0,1988-08-20 00:00:00,1990-08-17 00:00:00,0,3,707,1988,"Iran, Iraq",Government of Iran,114,,Government of Iraq,116,,3,Various,2,2,1972-04-11,1,1980-09-23,1,"630, 645",2,4980,False
1410,324,Government of Iran - Government of Iraq,Iran - Iraq,1975-01-01,70702.0,2,2,1,1.0,1988-08-20,1.0,2.0,1988-08-20 00:00:00,1990-08-17 00:00:00,0,3,707,1988,"Iran, Iraq",Government of Iran,114,,Government of Iraq,116,,3,Various,2,2,1972-04-11,1,1980-09-23,1,"630, 645",2,4980,False
1411,324,Government of Iran - Government of Iraq,Iran - Iraq,1975-01-01,70702.0,2,2,1,1.0,1988-08-20,1.0,2.0,1988-08-20 00:00:00,1990-08-17 00:00:00,0,3,707,1988,"Iran, Iraq",Government of Iran,114,,Government of Iraq,116,,3,Various,2,2,1972-04-11,1,1980-09-23,1,"630, 645",2,4980,False
1412,324,Government of Iran - Government of Iraq,Iran - Iraq,1975-01-01,70702.0,2,2,1,1.0,1988-08-20,1.0,2.0,1988-08-20 00:00:00,1990-08-17 00:00:00,0,3,707,1988,"Iran, Iraq",Government of Iran,114,,Government of Iraq,116,,3,Various,2,2,1972-04-11,1,1980-09-23,1,"630, 645",2,4980,False
1413,324,Government of Iran - Government of Iraq,Iran - Iraq,1975-01-01,70702.0,2,2,1,1.0,1988-08-20,1.0,2.0,1988-08-20 00:00:00,1990-08-17 00:00:00,0,3,707,1988,"Iran, Iraq",Government of Iran,114,,Government of Iraq,116,,3,Various,2,2,1972-04-11,1,1980-09-23,1,"630, 645",2,4980,False
1414,324,Government of Iran - Government of Iraq,Iran - Iraq,1975-01-01,70702.0,2,2,1,1.0,1988-08-20,1.0,2.0,1988-08-20 00:00:00,1990-08-17 00:00:00,0,3,707,1988,"Iran, Iraq",Government of Iran,114,,Government of Iraq,116,,3,Various,2,2,1972-04-11,1,1980-09-23,1,"630, 645",2,4980,False
1415,324,Government of Iran - Government of Iraq,Iran - Iraq,1975-01-01,70702.0,2,2,1,1.0,1988-08-20,1.0,2.0,1988-08-20 00:00:00,1990-08-17 00:00:00,0,3,707,1988,"Iran, Iraq",Government of Iran,114,,Government of Iraq,116,,3,Various,2,2,1972-04-11,1,1980-09-23,1,"630, 645",2,4980,False
1416,324,Government of Iran - Government of Iraq,Iran - Iraq,1975-01-01,70702.0,2,2,1,1.0,1988-08-20,1.0,2.0,1988-08-20 00:00:00,1990-08-17 00:00:00,0,3,707,1988,"Iran, Iraq",Government of Iran,114,,Government of Iraq,116,,3,Various,2,2,1972-04-11,1,1980-09-23,1,"630, 645",2,4980,False
1417,324,Government of Iran - Government of Iraq,Iran - Iraq,1975-01-01,70702.0,2,2,1,1.0,1988-08-20,1.0,2.0,1988-08-20 00:00:00,1990-08-17 00:00:00,0,3,707,1988,"Iran, Iraq",Government of Iran,114,,Government of Iraq,116,,3,Various,2,2,1972-04-11,1,1980-09-23,1,"630, 645",2,4980,False
1133,234,Government of Israel - Fatah,Israel: Palestine,1975-01-01,47201.0,1,3,2,1.0,1988-12-31,5.0,6.0,,,0,3,472,1988,Israel,Government of Israel,121,,PLO,204,,1,Palestine,1,3,1965-02-28,3,1965-12-31,5,666,2,5113,False
1133,234,Government of Israel - Fatah,Israel: Palestine,1975-01-01,47301.0,1,3,2,1.0,1988-12-31,5.0,6.0,,,0,3,473,1988,Israel,Government of Israel,121,,Rejectionist Front,1067,,1,Palestine,1,3,1974-12-31,5,1974-12-31,5,666,2,5113,False
1133,234,Government of Israel - Fatah,Israel: Palestine,1975-01-01,47401.0,1,3,2,1.0,1989-12-31,5.0,5.0,,,0,3,474,1989,Israel,Government of Israel,121,,PFLP,205,,1,Palestine,1,3,1970-01-06,1,1989-09-09,7,666,2,5478,False
1133,234,Government of Israel - Fatah,Israel: Palestine,1975-01-01,47402.0,2,3,5,1.0,2001-12-31,5.0,5.0,,,1,3,474,2001,Israel,Government of Israel,121,,PFLP,205,,1,Palestine,1,3,1970-01-06,1,2001-10-24,1,666,2,9861,False
1133,234,Government of Israel - Fatah,Israel: Palestine,1975-01-01,47501.0,1,3,2,1.0,1989-12-31,5.0,5.0,,,0,3,475,1989,Israel,Government of Israel,121,,PFLP-GC,206,,1,Palestine,1,3,1973-07-31,3,1989-09-02,7,666,2,5478,False
1133,234,Government of Israel - Fatah,Israel: Palestine,1975-01-01,47601.0,1,3,1,1.0,1992-12-31,5.0,1.0,,1993-09-13 00:00:00,0,3,476,1992,Israel,Government of Israel,121,,Fatah,207,,1,Palestine,1,3,1965-02-28,3,1990-12-30,7,666,2,6574,False
1133,234,Government of Israel - Fatah,Israel: Palestine,1975-01-01,47602.0,2,3,5,1.0,2002-12-31,5.0,5.0,,,0,3,476,2002,Israel,Government of Israel,121,,Fatah,207,,1,Palestine,1,3,1965-02-28,3,2000-12-10,1,666,2,10226,False
1133,234,Government of Israel - Fatah,Israel: Palestine,1975-01-01,47603.0,3,3,3,1.0,2007-11-27,1.0,1.0,,2007-11-27 00:00:00,0,3,476,2007,Israel,Government of Israel,121,,Fatah,207,,1,Palestine,1,3,1965-02-28,3,2005-10-21,1,666,2,12018,False
1134,234,Government of Israel - Fatah,Israel: Palestine,1975-01-01,47201.0,1,3,2,1.0,1988-12-31,5.0,6.0,,,0,3,472,1988,Israel,Government of Israel,121,,PLO,204,,1,Palestine,1,3,1965-02-28,3,1965-12-31,5,666,2,5113,False
1134,234,Government of Israel - Fatah,Israel: Palestine,1975-01-01,47301.0,1,3,2,1.0,1988-12-31,5.0,6.0,,,0,3,473,1988,Israel,Government of Israel,121,,Rejectionist Front,1067,,1,Palestine,1,3,1974-12-31,5,1974-12-31,5,666,2,5113,False
1134,234,Government of Israel - Fatah,Israel: Palestine,1975-01-01,47401.0,1,3,2,1.0,1989-12-31,5.0,5.0,,,0,3,474,1989,Israel,Government of Israel,121,,PFLP,205,,1,Palestine,1,3,1970-01-06,1,1989-09-09,7,666,2,5478,False
1134,234,Government of Israel - Fatah,Israel: Palestine,1975-01-01,47402.0,2,3,5,1.0,2001-12-31,5.0,5.0,,,1,3,474,2001,Israel,Government of Israel,121,,PFLP,205,,1,Palestine,1,3,1970-01-06,1,2001-10-24,1,666,2,9861,False
1134,234,Government of Israel - Fatah,Israel: Palestine,1975-01-01,47501.0,1,3,2,1.0,1989-12-31,5.0,5.0,,,0,3,475,1989,Israel,Government of Israel,121,,PFLP-GC,206,,1,Palestine,1,3,1973-07-31,3,1989-09-02,7,666,2,5478,False
1134,234,Government of Israel - Fatah,Israel: Palestine,1975-01-01,47601.0,1,3,1,1.0,1992-12-31,5.0,1.0,,1993-09-13 00:00:00,0,3,476,1992,Israel,Government of Israel,121,,Fatah,207,,1,Palestine,1,3,1965-02-28,3,1990-12-30,7,666,2,6574,False
1134,234,Government of Israel - Fatah,Israel: Palestine,1975-01-01,47602.0,2,3,5,1.0,2002-12-31,5.0,5.0,,,0,3,476,2002,Israel,Government of Israel,121,,Fatah,207,,1,Palestine,1,3,1965-02-28,3,2000-12-10,1,666,2,10226,False
1134,234,Government of Israel - Fatah,Israel: Palestine,1975-01-01,47603.0,3,3,3,1.0,2007-11-27,1.0,1.0,,2007-11-27 00:00:00,0,3,476,2007,Israel,Government of Israel,121,,Fatah,207,,1,Palestine,1,3,1965-02-28,3,2005-10-21,1,666,2,12018,False
1135,234,Government of Israel - Fatah,Israel: Palestine,1975-01-01,47201.0,1,3,2,1.0,1988-12-31,5.0,6.0,,,0,3,472,1988,Israel,Government of Israel,121,,PLO,204,,1,Palestine,1,3,1965-02-28,3,1965-12-31,5,666,2,5113,False
1135,234,Government of Israel - Fatah,Israel: Palestine,1975-01-01,47301.0,1,3,2,1.0,1988-12-31,5.0,6.0,,,0,3,473,1988,Israel,Government of Israel,121,,Rejectionist Front,1067,,1,Palestine,1,3,1974-12-31,5,1974-12-31,5,666,2,5113,False
1135,234,Government of Israel - Fatah,Israel: Palestine,1975-01-01,47401.0,1,3,2,1.0,1989-12-31,5.0,5.0,,,0,3,474,1989,Israel,Government of Israel,121,,PFLP,205,,1,Palestine,1,3,1970-01-06,1,1989-09-09,7,666,2,5478,False
1135,234,Government of Israel - Fatah,Israel: Palestine,1975-01-01,47402.0,2,3,5,1.0,2001-12-31,5.0,5.0,,,1,3,474,2001,Israel,Government of Israel,121,,PFLP,205,,1,Palestine,1,3,1970-01-06,1,2001-10-24,1,666,2,9861,False
1135,234,Government of Israel - Fatah,Israel: Palestine,1975-01-01,47501.0,1,3,2,1.0,1989-12-31,5.0,5.0,,,0,3,475,1989,Israel,Government of Israel,121,,PFLP-GC,206,,1,Palestine,1,3,1973-07-31,3,1989-09-02,7,666,2,5478,False
1135,234,Government of Israel - Fatah,Israel: Palestine,1975-01-01,47601.0,1,3,1,1.0,1992-12-31,5.0,1.0,,1993-09-13 00:00:00,0,3,476,1992,Israel,Government of Israel,121,,Fatah,207,,1,Palestine,1,3,1965-02-28,3,1990-12-30,7,666,2,6574,False
1135,234,Government of Israel - Fatah,Israel: Palestine,1975-01-01,47602.0,2,3,5,1.0,2002-12-31,5.0,5.0,,,0,3,476,2002,Israel,Government of Israel,121,,Fatah,207,,1,Palestine,1,3,1965-02-28,3,2000-12-10,1,666,2,10226,False
1135,234,Government of Israel - Fatah,Israel: Palestine,1975-01-01,47603.0,3,3,3,1.0,2007-11-27,1.0,1.0,,2007-11-27 00:00:00,0,3,476,2007,Israel,Government of Israel,121,,Fatah,207,,1,Palestine,1,3,1965-02-28,3,2005-10-21,1,666,2,12018,False
1515,234,Government of Israel - Fatah,Israel: Palestine,1975-01-01,47201.0,1,3,2,1.0,1988-12-31,5.0,6.0,,,0,3,472,1988,Israel,Government of Israel,121,,PLO,204,,1,Palestine,1,3,1965-02-28,3,1965-12-31,5,666,2,5113,False
1515,234,Government of Israel - Fatah,Israel: Palestine,1975-01-01,47301.0,1,3,2,1.0,1988-12-31,5.0,6.0,,,0,3,473,1988,Israel,Government of Israel,121,,Rejectionist Front,1067,,1,Palestine,1,3,1974-12-31,5,1974-12-31,5,666,2,5113,False
1515,234,Government of Israel - Fatah,Israel: Palestine,1975-01-01,47401.0,1,3,2,1.0,1989-12-31,5.0,5.0,,,0,3,474,1989,Israel,Government of Israel,121,,PFLP,205,,1,Palestine,1,3,1970-01-06,1,1989-09-09,7,666,2,5478,False
1515,234,Government of Israel - Fatah,Israel: Palestine,1975-01-01,47402.0,2,3,5,1.0,2001-12-31,5.0,5.0,,,1,3,474,2001,Israel,Government of Israel,121,,PFLP,205,,1,Palestine,1,3,1970-01-06,1,2001-10-24,1,666,2,9861,False
1515,234,Government of Israel - Fatah,Israel: Palestine,1975-01-01,47501.0,1,3,2,1.0,1989-12-31,5.0,5.0,,,0,3,475,1989,Israel,Government of Israel,121,,PFLP-GC,206,,1,Palestine,1,3,1973-07-31,3,1989-09-02,7,666,2,5478,False
1515,234,Government of Israel - Fatah,Israel: Palestine,1975-01-01,47601.0,1,3,1,1.0,1992-12-31,5.0,1.0,,1993-09-13 00:00:00,0,3,476,1992,Israel,Government of Israel,121,,Fatah,207,,1,Palestine,1,3,1965-02-28,3,1990-12-30,7,666,2,6574,False
1515,234,Government of Israel - Fatah,Israel: Palestine,1975-01-01,47602.0,2,3,5,1.0,2002-12-31,5.0,5.0,,,0,3,476,2002,Israel,Government of Israel,121,,Fatah,207,,1,Palestine,1,3,1965-02-28,3,2000-12-10,1,666,2,10226,False
1515,234,Government of Israel - Fatah,Israel: Palestine,1975-01-01,47603.0,3,3,3,1.0,2007-11-27,1.0,1.0,,2007-11-27 00:00:00,0,3,476,2007,Israel,Government of Israel,121,,Fatah,207,,1,Palestine,1,3,1965-02-28,3,2005-10-21,1,666,2,12018,False
1136,234,Government of Israel - Fatah,Israel: Palestine,1975-01-01,47201.0,1,3,2,1.0,1988-12-31,5.0,6.0,,,0,3,472,1988,Israel,Government of Israel,121,,PLO,204,,1,Palestine,1,3,1965-02-28,3,1965-12-31,5,666,2,5113,False
1136,234,Government of Israel - Fatah,Israel: Palestine,1975-01-01,47301.0,1,3,2,1.0,1988-12-31,5.0,6.0,,,0,3,473,1988,Israel,Government of Israel,121,,Rejectionist Front,1067,,1,Palestine,1,3,1974-12-31,5,1974-12-31,5,666,2,5113,False
1136,234,Government of Israel - Fatah,Israel: Palestine,1975-01-01,47401.0,1,3,2,1.0,1989-12-31,5.0,5.0,,,0,3,474,1989,Israel,Government of Israel,121,,PFLP,205,,1,Palestine,1,3,1970-01-06,1,1989-09-09,7,666,2,5478,False
1136,234,Government of Israel - Fatah,Israel: Palestine,1975-01-01,47402.0,2,3,5,1.0,2001-12-31,5.0,5.0,,,1,3,474,2001,Israel,Government of Israel,121,,PFLP,205,,1,Palestine,1,3,1970-01-06,1,2001-10-24,1,666,2,9861,False
1136,234,Government of Israel - Fatah,Israel: Palestine,1975-01-01,47501.0,1,3,2,1.0,1989-12-31,5.0,5.0,,,0,3,475,1989,Israel,Government of Israel,121,,PFLP-GC,206,,1,Palestine,1,3,1973-07-31,3,1989-09-02,7,666,2,5478,False
1136,234,Government of Israel - Fatah,Israel: Palestine,1975-01-01,47601.0,1,3,1,1.0,1992-12-31,5.0,1.0,,1993-09-13 00:00:00,0,3,476,1992,Israel,Government of Israel,121,,Fatah,207,,1,Palestine,1,3,1965-02-28,3,1990-12-30,7,666,2,6574,False
1136,234,Government of Israel - Fatah,Israel: Palestine,1975-01-01,47602.0,2,3,5,1.0,2002-12-31,5.0,5.0,,,0,3,476,2002,Israel,Government of Israel,121,,Fatah,207,,1,Palestine,1,3,1965-02-28,3,2000-12-10,1,666,2,10226,False
1136,234,Government of Israel - Fatah,Israel: Palestine,1975-01-01,47603.0,3,3,3,1.0,2007-11-27,1.0,1.0,,2007-11-27 00:00:00,0,3,476,2007,Israel,Government of Israel,121,,Fatah,207,,1,Palestine,1,3,1965-02-28,3,2005-10-21,1,666,2,12018,False
1137,234,Government of Israel - Fatah,Israel: Palestine,1975-01-01,47201.0,1,3,2,1.0,1988-12-31,5.0,6.0,,,0,3,472,1988,Israel,Government of Israel,121,,PLO,204,,1,Palestine,1,3,1965-02-28,3,1965-12-31,5,666,2,5113,False
1137,234,Government of Israel - Fatah,Israel: Palestine,1975-01-01,47301.0,1,3,2,1.0,1988-12-31,5.0,6.0,,,0,3,473,1988,Israel,Government of Israel,121,,Rejectionist Front,1067,,1,Palestine,1,3,1974-12-31,5,1974-12-31,5,666,2,5113,False
1137,234,Government of Israel - Fatah,Israel: Palestine,1975-01-01,47401.0,1,3,2,1.0,1989-12-31,5.0,5.0,,,0,3,474,1989,Israel,Government of Israel,121,,PFLP,205,,1,Palestine,1,3,1970-01-06,1,1989-09-09,7,666,2,5478,False
1137,234,Government of Israel - Fatah,Israel: Palestine,1975-01-01,47402.0,2,3,5,1.0,2001-12-31,5.0,5.0,,,1,3,474,2001,Israel,Government of Israel,121,,PFLP,205,,1,Palestine,1,3,1970-01-06,1,2001-10-24,1,666,2,9861,False
1137,234,Government of Israel - Fatah,Israel: Palestine,1975-01-01,47501.0,1,3,2,1.0,1989-12-31,5.0,5.0,,,0,3,475,1989,Israel,Government of Israel,121,,PFLP-GC,206,,1,Palestine,1,3,1973-07-31,3,1989-09-02,7,666,2,5478,False
1137,234,Government of Israel - Fatah,Israel: Palestine,1975-01-01,47601.0,1,3,1,1.0,1992-12-31,5.0,1.0,,1993-09-13 00:00:00,0,3,476,1992,Israel,Government of Israel,121,,Fatah,207,,1,Palestine,1,3,1965-02-28,3,1990-12-30,7,666,2,6574,False
1137,234,Government of Israel - Fatah,Israel: Palestine,1975-01-01,47602.0,2,3,5,1.0,2002-12-31,5.0,5.0,,,0,3,476,2002,Israel,Government of Israel,121,,Fatah,207,,1,Palestine,1,3,1965-02-28,3,2000-12-10,1,666,2,10226,False
1137,234,Government of Israel - Fatah,Israel: Palestine,1975-01-01,47603.0,3,3,3,1.0,2007-11-27,1.0,1.0,,2007-11-27 00:00:00,0,3,476,2007,Israel,Government of Israel,121,,Fatah,207,,1,Palestine,1,3,1965-02-28,3,2005-10-21,1,666,2,12018,False
1138,234,"Government of Israel - Fatah, Government of Israel - PNA",Israel: Palestine,1975-01-01,47201.0,1,3,2,1.0,1988-12-31,5.0,6.0,,,0,3,472,1988,Israel,Government of Israel,121,,PLO,204,,1,Palestine,1,3,1965-02-28,3,1965-12-31,5,666,2,5113,False
1138,234,"Government of Israel - Fatah, Government of Israel - PNA",Israel: Palestine,1975-01-01,47301.0,1,3,2,1.0,1988-12-31,5.0,6.0,,,0,3,473,1988,Israel,Government of Israel,121,,Rejectionist Front,1067,,1,Palestine,1,3,1974-12-31,5,1974-12-31,5,666,2,5113,False
1138,234,"Government of Israel - Fatah, Government of Israel - PNA",Israel: Palestine,1975-01-01,47401.0,1,3,2,1.0,1989-12-31,5.0,5.0,,,0,3,474,1989,Israel,Government of Israel,121,,PFLP,205,,1,Palestine,1,3,1970-01-06,1,1989-09-09,7,666,2,5478,False
1138,234,"Government of Israel - Fatah, Government of Israel - PNA",Israel: Palestine,1975-01-01,47402.0,2,3,5,1.0,2001-12-31,5.0,5.0,,,1,3,474,2001,Israel,Government of Israel,121,,PFLP,205,,1,Palestine,1,3,1970-01-06,1,2001-10-24,1,666,2,9861,False
1138,234,"Government of Israel - Fatah, Government of Israel - PNA",Israel: Palestine,1975-01-01,47501.0,1,3,2,1.0,1989-12-31,5.0,5.0,,,0,3,475,1989,Israel,Government of Israel,121,,PFLP-GC,206,,1,Palestine,1,3,1973-07-31,3,1989-09-02,7,666,2,5478,False
1138,234,"Government of Israel - Fatah, Government of Israel - PNA",Israel: Palestine,1975-01-01,47601.0,1,3,1,1.0,1992-12-31,5.0,1.0,,1993-09-13 00:00:00,0,3,476,1992,Israel,Government of Israel,121,,Fatah,207,,1,Palestine,1,3,1965-02-28,3,1990-12-30,7,666,2,6574,False
1138,234,"Government of Israel - Fatah, Government of Israel - PNA",Israel: Palestine,1975-01-01,47602.0,2,3,5,1.0,2002-12-31,5.0,5.0,,,0,3,476,2002,Israel,Government of Israel,121,,Fatah,207,,1,Palestine,1,3,1965-02-28,3,2000-12-10,1,666,2,10226,False
1138,234,"Government of Israel - Fatah, Government of Israel - PNA",Israel: Palestine,1975-01-01,47603.0,3,3,3,1.0,2007-11-27,1.0,1.0,,2007-11-27 00:00:00,0,3,476,2007,Israel,Government of Israel,121,,Fatah,207,,1,Palestine,1,3,1965-02-28,3,2005-10-21,1,666,2,12018,False
1140,234,"Government of Israel - Fatah, Government of Israel - PNA",Israel: Palestine,1975-01-01,47201.0,1,3,2,1.0,1988-12-31,5.0,6.0,,,0,3,472,1988,Israel,Government of Israel,121,,PLO,204,,1,Palestine,1,3,1965-02-28,3,1965-12-31,5,666,2,5113,False
1140,234,"Government of Israel - Fatah, Government of Israel - PNA",Israel: Palestine,1975-01-01,47301.0,1,3,2,1.0,1988-12-31,5.0,6.0,,,0,3,473,1988,Israel,Government of Israel,121,,Rejectionist Front,1067,,1,Palestine,1,3,1974-12-31,5,1974-12-31,5,666,2,5113,False
1140,234,"Government of Israel - Fatah, Government of Israel - PNA",Israel: Palestine,1975-01-01,47401.0,1,3,2,1.0,1989-12-31,5.0,5.0,,,0,3,474,1989,Israel,Government of Israel,121,,PFLP,205,,1,Palestine,1,3,1970-01-06,1,1989-09-09,7,666,2,5478,False
1140,234,"Government of Israel - Fatah, Government of Israel - PNA",Israel: Palestine,1975-01-01,47402.0,2,3,5,1.0,2001-12-31,5.0,5.0,,,1,3,474,2001,Israel,Government of Israel,121,,PFLP,205,,1,Palestine,1,3,1970-01-06,1,2001-10-24,1,666,2,9861,False
1140,234,"Government of Israel - Fatah, Government of Israel - PNA",Israel: Palestine,1975-01-01,47501.0,1,3,2,1.0,1989-12-31,5.0,5.0,,,0,3,475,1989,Israel,Government of Israel,121,,PFLP-GC,206,,1,Palestine,1,3,1973-07-31,3,1989-09-02,7,666,2,5478,False
1140,234,"Government of Israel - Fatah, Government of Israel - PNA",Israel: Palestine,1975-01-01,47601.0,1,3,1,1.0,1992-12-31,5.0,1.0,,1993-09-13 00:00:00,0,3,476,1992,Israel,Government of Israel,121,,Fatah,207,,1,Palestine,1,3,1965-02-28,3,1990-12-30,7,666,2,6574,False
1140,234,"Government of Israel - Fatah, Government of Israel - PNA",Israel: Palestine,1975-01-01,47602.0,2,3,5,1.0,2002-12-31,5.0,5.0,,,0,3,476,2002,Israel,Government of Israel,121,,Fatah,207,,1,Palestine,1,3,1965-02-28,3,2000-12-10,1,666,2,10226,False
1140,234,"Government of Israel - Fatah, Government of Israel - PNA",Israel: Palestine,1975-01-01,47603.0,3,3,3,1.0,2007-11-27,1.0,1.0,,2007-11-27 00:00:00,0,3,476,2007,Israel,Government of Israel,121,,Fatah,207,,1,Palestine,1,3,1965-02-28,3,2005-10-21,1,666,2,12018,False
1354,234,Government of Israel - Fatah,Israel: Palestine,1975-01-01,47201.0,1,3,2,1.0,1988-12-31,5.0,6.0,,,0,3,472,1988,Israel,Government of Israel,121,,PLO,204,,1,Palestine,1,3,1965-02-28,3,1965-12-31,5,666,2,5113,False
1354,234,Government of Israel - Fatah,Israel: Palestine,1975-01-01,47301.0,1,3,2,1.0,1988-12-31,5.0,6.0,,,0,3,473,1988,Israel,Government of Israel,121,,Rejectionist Front,1067,,1,Palestine,1,3,1974-12-31,5,1974-12-31,5,666,2,5113,False
1354,234,Government of Israel - Fatah,Israel: Palestine,1975-01-01,47401.0,1,3,2,1.0,1989-12-31,5.0,5.0,,,0,3,474,1989,Israel,Government of Israel,121,,PFLP,205,,1,Palestine,1,3,1970-01-06,1,1989-09-09,7,666,2,5478,False
1354,234,Government of Israel - Fatah,Israel: Palestine,1975-01-01,47402.0,2,3,5,1.0,2001-12-31,5.0,5.0,,,1,3,474,2001,Israel,Government of Israel,121,,PFLP,205,,1,Palestine,1,3,1970-01-06,1,2001-10-24,1,666,2,9861,False
1354,234,Government of Israel - Fatah,Israel: Palestine,1975-01-01,47501.0,1,3,2,1.0,1989-12-31,5.0,5.0,,,0,3,475,1989,Israel,Government of Israel,121,,PFLP-GC,206,,1,Palestine,1,3,1973-07-31,3,1989-09-02,7,666,2,5478,False
1354,234,Government of Israel - Fatah,Israel: Palestine,1975-01-01,47601.0,1,3,1,1.0,1992-12-31,5.0,1.0,,1993-09-13 00:00:00,0,3,476,1992,Israel,Government of Israel,121,,Fatah,207,,1,Palestine,1,3,1965-02-28,3,1990-12-30,7,666,2,6574,False
1354,234,Government of Israel - Fatah,Israel: Palestine,1975-01-01,47602.0,2,3,5,1.0,2002-12-31,5.0,5.0,,,0,3,476,2002,Israel,Government of Israel,121,,Fatah,207,,1,Palestine,1,3,1965-02-28,3,2000-12-10,1,666,2,10226,False
1354,234,Government of Israel - Fatah,Israel: Palestine,1975-01-01,47603.0,3,3,3,1.0,2007-11-27,1.0,1.0,,2007-11-27 00:00:00,0,3,476,2007,Israel,Government of Israel,121,,Fatah,207,,1,Palestine,1,3,1965-02-28,3,2005-10-21,1,666,2,12018,False
1613,221,Government of Myanmar (Burma) - DKBA 5,Myanmar (Burma): Karen,1975-01-01,42701.0,1,3,2,1.0,1975-12-31,5.0,6.0,,,0,3,427,1975,Myanmar (Burma),Government of Myanmar (Burma),144,,KNUP,890,,1,Karen,1,3,1948-12-31,3,1949-01-15,1,775,3,364,True
1613,221,Government of Myanmar (Burma) - DKBA 5,Myanmar (Burma): Karen,1975-01-01,42801.0,1,3,1,1.0,1992-11-22,1.0,5.0,1992-04-28 00:00:00,,0,3,428,1992,Myanmar (Burma),Government of Myanmar (Burma),144,,KNU,180,,1,Karen,2,3,1966-12-31,5,1966-12-31,5,775,3,6535,False
1613,221,Government of Myanmar (Burma) - DKBA 5,Myanmar (Burma): Karen,1975-01-01,42802.0,2,3,1,1.0,1995-07-13,1.0,5.0,,,0,3,428,1995,Myanmar (Burma),Government of Myanmar (Burma),144,,KNU,180,,1,Karen,1,3,1966-12-31,5,1994-12-31,5,775,3,7498,False
1613,221,Government of Myanmar (Burma) - DKBA 5,Myanmar (Burma): Karen,1975-01-01,42803.0,3,3,1,1.0,1998-07-14,4.0,5.0,,,0,3,428,1998,Myanmar (Burma),Government of Myanmar (Burma),144,,KNU,180,,1,Karen,1,3,1966-12-31,5,1997-02-23,3,775,3,8595,False
1613,221,Government of Myanmar (Burma) - DKBA 5,Myanmar (Burma): Karen,1975-01-01,42804.0,4,3,2,1.0,2011-12-31,5.0,2.0,2012-01-12 00:00:00,,0,3,428,2011,Myanmar (Burma),Government of Myanmar (Burma),144,,KNU,180,,1,Karen,1,3,1966-12-31,5,2000-11-02,1,775,3,13513,False
1624,224,Government of Myanmar (Burma) - NMSP,Myanmar (Burma): Mon,1975-01-01,44502.0,2,3,1,1.0,1990-03-22,1.0,5.0,,,1,3,445,1990,Myanmar (Burma),Government of Myanmar (Burma),144,,NMSP,190,,1,Mon,1,3,1959-12-31,5,1990-02-13,3,775,3,5559,False
1521,336,Government of Nicaragua - Contras,Nicaragua: Government,1975-01-01,74101.0,1,3,1,1.0,1979-07-19,1.0,4.0,,,0,3,741,1979,Nicaragua,Government of Nicaragua,14,,FSLN,758,,2,,2,3,1974-12-27,2,1977-10-10,1,93,5,1660,False
1522,336,Government of Nicaragua - Contras,Nicaragua: Government,1975-01-01,74101.0,1,3,1,1.0,1979-07-19,1.0,4.0,,,0,3,741,1979,Nicaragua,Government of Nicaragua,14,,FSLN,758,,2,,2,3,1974-12-27,2,1977-10-10,1,93,5,1660,False
1058,209,"Government of Philippines - Military faction (forces of Honasan, Abenina & Zumel)",Philippines: Government,1975-01-01,41101.0,1,3,1,1.0,1995-11-29,1.0,2.0,1995-12-13 00:00:00,,0,3,411,1995,Philippines,Government of Philippines,154,,CPP,169,,2,,1,3,1969-09-30,4,1969-09-30,4,840,3,7637,False
1058,209,"Government of Philippines - Military faction (forces of Honasan, Abenina & Zumel)",Philippines: Government,1975-01-01,41102.0,2,3,1,1.0,1997-12-30,3.0,2.0,1997-12-22 00:00:00,,1,3,411,1997,Philippines,Government of Philippines,154,,CPP,169,,2,,1,3,1969-09-30,4,1997-11-23,1,840,3,8399,False
1422,308,Government of Philippines - MNLF,Philippines: Mindanao,1975-01-01,65601.0,1,3,2,1.0,1990-08-02,1.0,5.0,,,0,3,656,1990,Philippines,Government of Philippines,154,,MNLF,275,,1,Mindanao,1,3,1972-10-31,3,1972-12-31,3,840,3,5692,False
1422,308,Government of Philippines - MNLF,Philippines: Mindanao,1975-01-01,65602.0,2,3,2,1.0,1993-11-07,1.0,2.0,1993-11-07 00:00:00,1996-09-02 00:00:00,1,3,656,1993,Philippines,Government of Philippines,154,,MNLF,275,,1,Mindanao,1,3,1972-10-31,3,1993-02-09,1,840,3,6885,False
1424,308,Government of Philippines - MNLF,Philippines: Mindanao,1975-01-01,65601.0,1,3,2,1.0,1990-08-02,1.0,5.0,,,0,3,656,1990,Philippines,Government of Philippines,154,,MNLF,275,,1,Mindanao,1,3,1972-10-31,3,1972-12-31,3,840,3,5692,False
1424,308,Government of Philippines - MNLF,Philippines: Mindanao,1975-01-01,65602.0,2,3,2,1.0,1993-11-07,1.0,2.0,1993-11-07 00:00:00,1996-09-02 00:00:00,1,3,656,1993,Philippines,Government of Philippines,154,,MNLF,275,,1,Mindanao,1,3,1972-10-31,3,1993-02-09,1,840,3,6885,False
1524,308,Government of Philippines - MNLF,Philippines: Mindanao,1975-01-01,65601.0,1,3,2,1.0,1990-08-02,1.0,5.0,,,0,3,656,1990,Philippines,Government of Philippines,154,,MNLF,275,,1,Mindanao,1,3,1972-10-31,3,1972-12-31,3,840,3,5692,False
1524,308,Government of Philippines - MNLF,Philippines: Mindanao,1975-01-01,65602.0,2,3,2,1.0,1993-11-07,1.0,2.0,1993-11-07 00:00:00,1996-09-02 00:00:00,1,3,656,1993,Philippines,Government of Philippines,154,,MNLF,275,,1,Mindanao,1,3,1972-10-31,3,1993-02-09,1,840,3,6885,False
1064,308,Government of Philippines - MNLF,Philippines: Mindanao,1975-01-01,65601.0,1,3,2,1.0,1990-08-02,1.0,5.0,,,0,3,656,1990,Philippines,Government of Philippines,154,,MNLF,275,,1,Mindanao,1,3,1972-10-31,3,1972-12-31,3,840,3,5692,False
1064,308,Government of Philippines - MNLF,Philippines: Mindanao,1975-01-01,65602.0,2,3,2,1.0,1993-11-07,1.0,2.0,1993-11-07 00:00:00,1996-09-02 00:00:00,1,3,656,1993,Philippines,Government of Philippines,154,,MNLF,275,,1,Mindanao,1,3,1972-10-31,3,1993-02-09,1,840,3,6885,False
1332,308,Government of Philippines - MILF,Philippines: Mindanao,1975-01-01,65601.0,1,3,2,1.0,1990-08-02,1.0,5.0,,,0,3,656,1990,Philippines,Government of Philippines,154,,MNLF,275,,1,Mindanao,1,3,1972-10-31,3,1972-12-31,3,840,3,5692,False
1332,308,Government of Philippines - MILF,Philippines: Mindanao,1975-01-01,65602.0,2,3,2,1.0,1993-11-07,1.0,2.0,1993-11-07 00:00:00,1996-09-02 00:00:00,1,3,656,1993,Philippines,Government of Philippines,154,,MNLF,275,,1,Mindanao,1,3,1972-10-31,3,1993-02-09,1,840,3,6885,False
1526,308,Government of Philippines - MILF,Philippines: Mindanao,1975-01-01,65601.0,1,3,2,1.0,1990-08-02,1.0,5.0,,,0,3,656,1990,Philippines,Government of Philippines,154,,MNLF,275,,1,Mindanao,1,3,1972-10-31,3,1972-12-31,3,840,3,5692,False
1526,308,Government of Philippines - MILF,Philippines: Mindanao,1975-01-01,65602.0,2,3,2,1.0,1993-11-07,1.0,2.0,1993-11-07 00:00:00,1996-09-02 00:00:00,1,3,656,1993,Philippines,Government of Philippines,154,,MNLF,275,,1,Mindanao,1,3,1972-10-31,3,1993-02-09,1,840,3,6885,False
1527,308,Government of Philippines - MILF,Philippines: Mindanao,1975-01-01,65601.0,1,3,2,1.0,1990-08-02,1.0,5.0,,,0,3,656,1990,Philippines,Government of Philippines,154,,MNLF,275,,1,Mindanao,1,3,1972-10-31,3,1972-12-31,3,840,3,5692,False
1527,308,Government of Philippines - MILF,Philippines: Mindanao,1975-01-01,65602.0,2,3,2,1.0,1993-11-07,1.0,2.0,1993-11-07 00:00:00,1996-09-02 00:00:00,1,3,656,1993,Philippines,Government of Philippines,154,,MNLF,275,,1,Mindanao,1,3,1972-10-31,3,1993-02-09,1,840,3,6885,False
1528,308,Government of Philippines - MILF,Philippines: Mindanao,1975-01-01,65601.0,1,3,2,1.0,1990-08-02,1.0,5.0,,,0,3,656,1990,Philippines,Government of Philippines,154,,MNLF,275,,1,Mindanao,1,3,1972-10-31,3,1972-12-31,3,840,3,5692,False
1528,308,Government of Philippines - MILF,Philippines: Mindanao,1975-01-01,65602.0,2,3,2,1.0,1993-11-07,1.0,2.0,1993-11-07 00:00:00,1996-09-02 00:00:00,1,3,656,1993,Philippines,Government of Philippines,154,,MNLF,275,,1,Mindanao,1,3,1972-10-31,3,1993-02-09,1,840,3,6885,False
1529,308,Government of Philippines - MILF,Philippines: Mindanao,1975-01-01,65601.0,1,3,2,1.0,1990-08-02,1.0,5.0,,,0,3,656,1990,Philippines,Government of Philippines,154,,MNLF,275,,1,Mindanao,1,3,1972-10-31,3,1972-12-31,3,840,3,5692,False
1529,308,Government of Philippines - MILF,Philippines: Mindanao,1975-01-01,65602.0,2,3,2,1.0,1993-11-07,1.0,2.0,1993-11-07 00:00:00,1996-09-02 00:00:00,1,3,656,1993,Philippines,Government of Philippines,154,,MNLF,275,,1,Mindanao,1,3,1972-10-31,3,1993-02-09,1,840,3,6885,False
1530,308,Government of Philippines - MILF,Philippines: Mindanao,1975-01-01,65601.0,1,3,2,1.0,1990-08-02,1.0,5.0,,,0,3,656,1990,Philippines,Government of Philippines,154,,MNLF,275,,1,Mindanao,1,3,1972-10-31,3,1972-12-31,3,840,3,5692,False
1530,308,Government of Philippines - MILF,Philippines: Mindanao,1975-01-01,65602.0,2,3,2,1.0,1993-11-07,1.0,2.0,1993-11-07 00:00:00,1996-09-02 00:00:00,1,3,656,1993,Philippines,Government of Philippines,154,,MNLF,275,,1,Mindanao,1,3,1972-10-31,3,1993-02-09,1,840,3,6885,False
1439,308,Government of Philippines - MILF,Philippines: Mindanao,1975-01-01,65601.0,1,3,2,1.0,1990-08-02,1.0,5.0,,,0,3,656,1990,Philippines,Government of Philippines,154,,MNLF,275,,1,Mindanao,1,3,1972-10-31,3,1972-12-31,3,840,3,5692,False
1439,308,Government of Philippines - MILF,Philippines: Mindanao,1975-01-01,65602.0,2,3,2,1.0,1993-11-07,1.0,2.0,1993-11-07 00:00:00,1996-09-02 00:00:00,1,3,656,1993,Philippines,Government of Philippines,154,,MNLF,275,,1,Mindanao,1,3,1972-10-31,3,1993-02-09,1,840,3,6885,False
1470,308,Government of Philippines - MILF,Philippines: Mindanao,1975-01-01,65601.0,1,3,2,1.0,1990-08-02,1.0,5.0,,,0,3,656,1990,Philippines,Government of Philippines,154,,MNLF,275,,1,Mindanao,1,3,1972-10-31,3,1972-12-31,3,840,3,5692,False
1470,308,Government of Philippines - MILF,Philippines: Mindanao,1975-01-01,65602.0,2,3,2,1.0,1993-11-07,1.0,2.0,1993-11-07 00:00:00,1996-09-02 00:00:00,1,3,656,1993,Philippines,Government of Philippines,154,,MNLF,275,,1,Mindanao,1,3,1972-10-31,3,1993-02-09,1,840,3,6885,False
1471,308,Government of Philippines - MILF,Philippines: Mindanao,1975-01-01,65601.0,1,3,2,1.0,1990-08-02,1.0,5.0,,,0,3,656,1990,Philippines,Government of Philippines,154,,MNLF,275,,1,Mindanao,1,3,1972-10-31,3,1972-12-31,3,840,3,5692,False
1471,308,Government of Philippines - MILF,Philippines: Mindanao,1975-01-01,65602.0,2,3,2,1.0,1993-11-07,1.0,2.0,1993-11-07 00:00:00,1996-09-02 00:00:00,1,3,656,1993,Philippines,Government of Philippines,154,,MNLF,275,,1,Mindanao,1,3,1972-10-31,3,1993-02-09,1,840,3,6885,False
1472,308,Government of Philippines - MILF,Philippines: Mindanao,1975-01-01,65601.0,1,3,2,1.0,1990-08-02,1.0,5.0,,,0,3,656,1990,Philippines,Government of Philippines,154,,MNLF,275,,1,Mindanao,1,3,1972-10-31,3,1972-12-31,3,840,3,5692,False
1472,308,Government of Philippines - MILF,Philippines: Mindanao,1975-01-01,65602.0,2,3,2,1.0,1993-11-07,1.0,2.0,1993-11-07 00:00:00,1996-09-02 00:00:00,1,3,656,1993,Philippines,Government of Philippines,154,,MNLF,275,,1,Mindanao,1,3,1972-10-31,3,1993-02-09,1,840,3,6885,False
1476,308,Government of Philippines - MILF,Philippines: Mindanao,1975-01-01,65601.0,1,3,2,1.0,1990-08-02,1.0,5.0,,,0,3,656,1990,Philippines,Government of Philippines,154,,MNLF,275,,1,Mindanao,1,3,1972-10-31,3,1972-12-31,3,840,3,5692,False
1476,308,Government of Philippines - MILF,Philippines: Mindanao,1975-01-01,65602.0,2,3,2,1.0,1993-11-07,1.0,2.0,1993-11-07 00:00:00,1996-09-02 00:00:00,1,3,656,1993,Philippines,Government of Philippines,154,,MNLF,275,,1,Mindanao,1,3,1972-10-31,3,1993-02-09,1,840,3,6885,False
1478,308,Government of Philippines - MILF,Philippines: Mindanao,1975-01-01,65601.0,1,3,2,1.0,1990-08-02,1.0,5.0,,,0,3,656,1990,Philippines,Government of Philippines,154,,MNLF,275,,1,Mindanao,1,3,1972-10-31,3,1972-12-31,3,840,3,5692,False
1478,308,Government of Philippines - MILF,Philippines: Mindanao,1975-01-01,65602.0,2,3,2,1.0,1993-11-07,1.0,2.0,1993-11-07 00:00:00,1996-09-02 00:00:00,1,3,656,1993,Philippines,Government of Philippines,154,,MNLF,275,,1,Mindanao,1,3,1972-10-31,3,1993-02-09,1,840,3,6885,False
1477,308,Government of Philippines - MILF,Philippines: Mindanao,1975-01-01,65601.0,1,3,2,1.0,1990-08-02,1.0,5.0,,,0,3,656,1990,Philippines,Government of Philippines,154,,MNLF,275,,1,Mindanao,1,3,1972-10-31,3,1972-12-31,3,840,3,5692,False
1477,308,Government of Philippines - MILF,Philippines: Mindanao,1975-01-01,65602.0,2,3,2,1.0,1993-11-07,1.0,2.0,1993-11-07 00:00:00,1996-09-02 00:00:00,1,3,656,1993,Philippines,Government of Philippines,154,,MNLF,275,,1,Mindanao,1,3,1972-10-31,3,1993-02-09,1,840,3,6885,False
1389,298,Government of South Africa - SWAPO,South Africa: Namibia,1975-01-01,64101.0,1,3,1,1.0,1988-08-08,1.0,1.0,1988-08-10 00:00:00,1988-12-22 00:00:00,0,3,641,1988,South Africa,Government of South Africa,102,,SWAPO,461,,1,Namibia,2,3,1966-08-26,1,1966-12-31,5,560,4,4968,False
1425,320,Government of South Yemen - Government of Yemen (North Yemen),South Yemen - Yemen (North Yemen),1975-01-01,70302.0,2,2,1,1.0,1979-03-30,1.0,2.0,1979-03-19 00:00:00,1989-11-30 00:00:00,1,3,703,1979,"South Yemen, Yemen (North Yemen)",Government of South Yemen,124,,Government of Yemen (North Yemen),123,,3,Common border,1,2,1972-02-21,1,1979-03-30,4,"678, 680",2,1549,False
1534,320,Government of South Yemen - Government of Yemen (North Yemen),South Yemen - Yemen (North Yemen),1975-01-01,70302.0,2,2,1,1.0,1979-03-30,1.0,2.0,1979-03-19 00:00:00,1989-11-30 00:00:00,1,3,703,1979,"South Yemen, Yemen (North Yemen)",Government of South Yemen,124,,Government of Yemen (North Yemen),123,,3,Common border,1,2,1972-02-21,1,1979-03-30,4,"678, 680",2,1549,False
1387,314,Government of Uganda - NRA,Uganda: Government,1975-01-01,67602.0,2,3,3,1.0,1979-03-28,1.0,6.0,,,1,3,676,1979,Uganda,Government of Uganda,90,Government of Libya,Kikosi Maalum,476,Government of Tanzania,2,,1,4,1972-09-17,1,1979-01-22,2,500,4,1547,False
1387,314,Government of Uganda - NRA,Uganda: Government,1975-01-01,67801.0,1,3,3,1.0,1979-03-28,1.0,6.0,,,0,3,678,1979,Uganda,Government of Uganda,90,Government of Libya,Fronasa,478,Government of Tanzania,2,,1,4,1973-03-31,3,1979-03-20,2,500,4,1547,False
1388,314,Government of Uganda - UPDA,Uganda: Government,1975-01-01,67602.0,2,3,3,1.0,1979-03-28,1.0,6.0,,,1,3,676,1979,Uganda,Government of Uganda,90,Government of Libya,Kikosi Maalum,476,Government of Tanzania,2,,1,4,1972-09-17,1,1979-01-22,2,500,4,1547,False
1388,314,Government of Uganda - UPDA,Uganda: Government,1975-01-01,67801.0,1,3,3,1.0,1979-03-28,1.0,6.0,,,0,3,678,1979,Uganda,Government of Uganda,90,Government of Libya,Fronasa,478,Government of Tanzania,2,,1,4,1973-03-31,3,1979-03-20,2,500,4,1547,False
1145,314,Government of Uganda - UNRF II,Uganda: Government,1975-01-01,67602.0,2,3,3,1.0,1979-03-28,1.0,6.0,,,1,3,676,1979,Uganda,Government of Uganda,90,Government of Libya,Kikosi Maalum,476,Government of Tanzania,2,,1,4,1972-09-17,1,1979-01-22,2,500,4,1547,False
1145,314,Government of Uganda - UNRF II,Uganda: Government,1975-01-01,67801.0,1,3,3,1.0,1979-03-28,1.0,6.0,,,0,3,678,1979,Uganda,Government of Uganda,90,Government of Libya,Fronasa,478,Government of Tanzania,2,,1,4,1973-03-31,3,1979-03-20,2,500,4,1547,False
1367,314,Government of Uganda - LRA,Uganda: Government,1975-01-01,67602.0,2,3,3,1.0,1979-03-28,1.0,6.0,,,1,3,676,1979,Uganda,Government of Uganda,90,Government of Libya,Kikosi Maalum,476,Government of Tanzania,2,,1,4,1972-09-17,1,1979-01-22,2,500,4,1547,False
1367,314,Government of Uganda - LRA,Uganda: Government,1975-01-01,67801.0,1,3,3,1.0,1979-03-28,1.0,6.0,,,0,3,678,1979,Uganda,Government of Uganda,90,Government of Libya,Fronasa,478,Government of Tanzania,2,,1,4,1973-03-31,3,1979-03-20,2,500,4,1547,False
1368,314,Government of Uganda - LRA,Uganda: Government,1975-01-01,67602.0,2,3,3,1.0,1979-03-28,1.0,6.0,,,1,3,676,1979,Uganda,Government of Uganda,90,Government of Libya,Kikosi Maalum,476,Government of Tanzania,2,,1,4,1972-09-17,1,1979-01-22,2,500,4,1547,False
1368,314,Government of Uganda - LRA,Uganda: Government,1975-01-01,67801.0,1,3,3,1.0,1979-03-28,1.0,6.0,,,0,3,678,1979,Uganda,Government of Uganda,90,Government of Libya,Fronasa,478,Government of Tanzania,2,,1,4,1973-03-31,3,1979-03-20,2,500,4,1547,False
1377,314,Government of Uganda - LRA,Uganda: Government,1975-01-01,67602.0,2,3,3,1.0,1979-03-28,1.0,6.0,,,1,3,676,1979,Uganda,Government of Uganda,90,Government of Libya,Kikosi Maalum,476,Government of Tanzania,2,,1,4,1972-09-17,1,1979-01-22,2,500,4,1547,False
1377,314,Government of Uganda - LRA,Uganda: Government,1975-01-01,67801.0,1,3,3,1.0,1979-03-28,1.0,6.0,,,0,3,678,1979,Uganda,Government of Uganda,90,Government of Libya,Fronasa,478,Government of Tanzania,2,,1,4,1973-03-31,3,1979-03-20,2,500,4,1547,False
1378,314,Government of Uganda - LRA,Uganda: Government,1975-01-01,67602.0,2,3,3,1.0,1979-03-28,1.0,6.0,,,1,3,676,1979,Uganda,Government of Uganda,90,Government of Libya,Kikosi Maalum,476,Government of Tanzania,2,,1,4,1972-09-17,1,1979-01-22,2,500,4,1547,False
1378,314,Government of Uganda - LRA,Uganda: Government,1975-01-01,67801.0,1,3,3,1.0,1979-03-28,1.0,6.0,,,0,3,678,1979,Uganda,Government of Uganda,90,Government of Libya,Fronasa,478,Government of Tanzania,2,,1,4,1973-03-31,3,1979-03-20,2,500,4,1547,False
1379,314,Government of Uganda - LRA,Uganda: Government,1975-01-01,67602.0,2,3,3,1.0,1979-03-28,1.0,6.0,,,1,3,676,1979,Uganda,Government of Uganda,90,Government of Libya,Kikosi Maalum,476,Government of Tanzania,2,,1,4,1972-09-17,1,1979-01-22,2,500,4,1547,False
1379,314,Government of Uganda - LRA,Uganda: Government,1975-01-01,67801.0,1,3,3,1.0,1979-03-28,1.0,6.0,,,0,3,678,1979,Uganda,Government of Uganda,90,Government of Libya,Fronasa,478,Government of Tanzania,2,,1,4,1973-03-31,3,1979-03-20,2,500,4,1547,False
1380,314,Government of Uganda - LRA,Uganda: Government,1975-01-01,67602.0,2,3,3,1.0,1979-03-28,1.0,6.0,,,1,3,676,1979,Uganda,Government of Uganda,90,Government of Libya,Kikosi Maalum,476,Government of Tanzania,2,,1,4,1972-09-17,1,1979-01-22,2,500,4,1547,False
1380,314,Government of Uganda - LRA,Uganda: Government,1975-01-01,67801.0,1,3,3,1.0,1979-03-28,1.0,6.0,,,0,3,678,1979,Uganda,Government of Uganda,90,Government of Libya,Fronasa,478,Government of Tanzania,2,,1,4,1973-03-31,3,1979-03-20,2,500,4,1547,False
1381,314,Government of Uganda - LRA,Uganda: Government,1975-01-01,67602.0,2,3,3,1.0,1979-03-28,1.0,6.0,,,1,3,676,1979,Uganda,Government of Uganda,90,Government of Libya,Kikosi Maalum,476,Government of Tanzania,2,,1,4,1972-09-17,1,1979-01-22,2,500,4,1547,False
1381,314,Government of Uganda - LRA,Uganda: Government,1975-01-01,67801.0,1,3,3,1.0,1979-03-28,1.0,6.0,,,0,3,678,1979,Uganda,Government of Uganda,90,Government of Libya,Fronasa,478,Government of Tanzania,2,,1,4,1973-03-31,3,1979-03-20,2,500,4,1547,False
1063,315,Government of United Kingdom - PIRA,United Kingdom: Northern Ireland,1975-01-01,69201.0,1,3,1,1.0,1991-11-26,1.0,5.0,,1998-04-10 00:00:00,0,3,692,1991,United Kingdom,Government of United Kingdom,28,,PIRA,282,,1,Northern Ireland,1,3,1970-08-11,1,1971-08-31,3,200,1,6173,False
1402,318,Government of Zimbabwe (Rhodesia) - ZAPU,Zimbabwe (Rhodesia): Government,1975-01-01,70001.0,1,3,1,1.0,1976-10-08,1.0,6.0,,,0,3,700,1976,Zimbabwe (Rhodesia),Government of Zimbabwe (Rhodesia),101,,ZANU,493,,2,,2,3,1966-04-29,1,1973-04-04,1,552,4,646,True
1399,318,Government of Zimbabwe (Rhodesia) - PF,Zimbabwe (Rhodesia): Government,1975-01-01,70001.0,1,3,1,1.0,1976-10-08,1.0,6.0,,,0,3,700,1976,Zimbabwe (Rhodesia),Government of Zimbabwe (Rhodesia),101,,ZANU,493,,2,,2,3,1966-04-29,1,1973-04-04,1,552,4,646,True
